podcast,episode,podcaster,podcasterurl
1337kultur,29,Martin Haase,http://www.maha-online.de/
1337kultur,29,Christopher Lauer,http://www.christopherlauer.de/
1337kultur,30,maha,https://twitter.com/maha
1337kultur,30,denis2342,https://twitter.com/denis2342
1337kultur,30,hukl,https://twitter.com/hukl
1337kultur,30,eyelyn,https://twitter.com/eyelyn
1337kultur,31,maha,https://twitter.com/maha
1337kultur,31,tollwutbezirk,https://twitter.com/tollwutbezirk
Culinaricast,XX,Culinaricast,https://twitter.com/Culinaricast
Culinaricast,XX,Oliver Hallmann,https://twitter.com/ollyyh
<http://einschlafen-podcast.de/>,,,
Einschlafen Podcast 227 vom 8.April 2013,227,Toby Baier,
Einschlafen Podcast 227 vom 8.April 2013,227,tobybaier,https://twitter.com/tobybaier
Einschlafen Podcast 227 vom 8.April 2013,227,schlafein,https://twitter.com/schlafein
,,,
,,,
,,,
LeCast,7,Pascal (@KleinesP)  #link,https://twitter.com/KleinesP
Logbuch Netzpolitik,LNP64,timpritlove,https://twitter.com/timpritlove
Logbuch Netzpolitik,LNP64,linuzifer,https://twitter.com/linuzifer
,MM107,EvitaBley,https://twitter.com/EvitaBley
,MM107,SimonWaldherr,https://twitter.com/SimonWaldherr
,MM107,vale,https://twitter.com/vale
,MM107,luutoo,https://twitter.com/luutoo
,MM107,Kambfhase,https://twitter.com/Kambfhase
,MM107,piff82,https://twitter.com/piff82
Märchenstunde,Nr. 27,343max,https://twitter.com/343max
Märchenstunde,Nr. 27,bjoerngrau,https://twitter.com/bjoerngrau
NSFW,67,timpritlove,https://twitter.com/timpritlove
NSFW,67,holgi,https://twitter.com/holgi
,,,
Wrint,172,Holger Klein,
ABSradio,ABS002,chemiker,https://twitter.com/chemiker
ABSradio,ABS003,chemiker,https://twitter.com/chemiker
ABSradio,ABS003,tollerkerl,https://twitter.com/tollerkerl
ABSradio,ABS003,saschagrafie,https://twitter.com/saschagrafie
ABSradio,ABS003,dasdom,https://twitter.com/dasdom
absradio,4,saschagrafie,https://twitter.com/saschagrafie
absradio,4,chemiker,https://twitter.com/chemiker
absradio,5,chemiker,https://twitter.com/chemiker
absradio,5,tollerkerl,https://twitter.com/tollerkerl
absradio,5,saschagrafie,https://twitter.com/saschagrafie
absradio,6,@chemiker,https://alpha.app.net/chemiker
absradio,6,@saschagrafie,https://alpha.app.net/saschagrafie
absradio,6,@tollerkerl,https://alpha.app.net/tollerkerl
absradio,6,@timpritlove,https://alpha.app.net/timpritlove
absradio,7,Alex,https://alpha.app.net/chemiker
absradio,7,Basti,https://alpha.app.net/tollerkerl
absradio,7,Niels Kobschätzki,https://alpha.app.net/nhk
absradio,8,Alex,https://alpha.app.net/chemiker
absradio,8,Sascha,https://alpha.app.net/saschagrafie
absradio,8,Dominik,https://alpha.app.net/dasdom
absradio,9,Alex,https://alpha.app.net/chemiker
absradio,9,Sascha,https://alpha.app.net/saschagrafie
absradio,9,Dominik,https://alpha.app.net/dasdom
absradio,9,Sven,https://alpha.app.net/lighun
absradio,10,Alex,https://alpha.app.net/chemiker
absradio,10,Dominik,https://alpha.app.net/dasdom
absradio,11,Alex,http://app.net/chemiker
absradio,11,Dominik,http://app.net/dasdom
absradio,12,Alex,http://alpha.app.net/chemiker
absradio,12,Dominik,http://alpha.app.net/dasdom
absradio,12,Sascha,http://alpha.app.net/saschagrafie
absradio,13,Alex,http://app.net/chemiker
absradio,13,Dominik,http://app.net/dasdom
ABSradio,ABS003,chemiker,https://twitter.com/chemiker
ABSradio,ABS003,tollerkerl,https://twitter.com/tollerkerl
ABSradio,ABS003,saschagrafie,https://twitter.com/saschagrafie
ABSradio,ABS003,dasdom,https://twitter.com/dasdom
Antalyacity,,Helena,https://alpha.app.net/antalyacity
Antalyacity,,Dr. Stefan Hibbeler,
anycast,33,bruhn,https://twitter.com/bruhn
Agiles Produktmanagement,1,tobybaier,https://twitter.com/tobybaier
Agiles Produktmanagement,1,Erdbeervogel,https://twitter.com/Erdbeervogel
Agiles Produktmanagement,1,berndschiffer,https://twitter.com/berndschiffer
Agiles Produktmanagement,2,tobybaier,https://twitter.com/tobybaier
Agiles Produktmanagement,2,afuerstenau,https://twitter.com/afuerstenau
binaergewitter,58,,
binaergewitter,59,,
binaergewitter,60,,
binaergewitter,62,Felix,
binaergewitter,62,Marc,
binaergewitter,62,Pfleidi,
binaergewitter,67,ingoebel,https://twitter.com/ingoebel
binaergewitter,67,pfleidi,https://twitter.com/pfleidi
binaergewitter,67,makefoo,https://twitter.com/makefoo
binaergewitter,67,rb2k,https://twitter.com/rb2k
binaergewitter,68,,
bluemoon,01.10.2013,holgi,https://twitter.com/holgi
bluemoon,20.06.2013,holgi,https://twitter.com/holgi
bluemoon,2072013,,
bluemoon,30.09.2013,holgi,https://twitter.com/holgi
bluemoon,04.06.2013,holgi,https://twitter.com/holgi
bluemoon,05.05.2013,holgi,https://twitter.com/holgi
bluemoon,05.11.2013,,
bluemoon,06.06.2013,monoxyd,https://twitter.com/monoxyd
bluemoon,06.08.2013,holgi,https://twitter.com/holgi
bluemoon,06.10.2013,holgi,https://twitter.com/holgi
bluemoon,06.10.2013,cluychaz,https://twitter.com/cluychaz
bluemoon,07.05.2013,Holgi,
bluemoon,7072013,Holger Klein ( @Holgi,https://alpha.app.net/
bluemoon,08.10.2013,holgi,https://twitter.com/holgi
bluemoon,09.10.2013,holgi,https://twitter.com/holgi
bluemoon,10.09.2013,holgi,https://twitter.com/holgi
bluemoon,102,holgi,https://twitter.com/holgi
bluemoon,105,Holger Klein (@holgi,https://alpha.app.net/holgi
bluemoon,109,Holger Klein,
bluemoon,11.06.2013,Holger Klein (@holgi,https://alpha.app.net/holgi
bluemoon,12.05.2013,Holgi,
bluemoon,12.05.2013,Golo,
bluemoon,128,holgi,https://twitter.com/holgi
bluemoon,13.08.2013,holgi,https://twitter.com/holgi
bluemoon,13.10.2013,holgi,https://twitter.com/holgi
bluemoon,13.10.2013,cluychaz,https://twitter.com/cluychaz
Bluemoon,83,holgi,https://twitter.com/holgi
Bluemoon,83,Anrufer der Nummer 033/17097110,
bluemoon,14.05.2013,holgi,https://twitter.com/holgi
bluemoon,14.05.2013,Die Anrufer von 0331 7097110 (22:00-23:00,
bluemoon,14.05.2013,0800 8055555 (23:00-01:00,
bluemoon,14.07.2013,holgi,https://twitter.com/holgi
bluemoon,15.08.2013,monoxyd,https://twitter.com/monoxyd
bluemoon,16.06.2013,Holgi,
bluemoon,16.07.2013,Holger Klein (@holgi,https://alpha.app.net/holgi
bluemoon,17.09.2013,holgi,https://twitter.com/holgi
bluemoon,18.06.2013,holgi,https://twitter.com/holgi
bluemoon,18.08.2013,holgi,https://twitter.com/holgi
bluemoon,19.05.2013,holgi,https://twitter.com/holgi
bluemoon,20.08.2013,holgi,https://twitter.com/holgi
bluemoon,20.08.2013,$ick,
bluemoon,20.10.2013,holgi,https://twitter.com/holgi
bluemoon,28.07.2013,@holgi,https://alpha.app.net/holgi
bluemoon,28.07.2013,Golo Schmiedt,http://www.fritz.de/inside/team/fritz_team/1918.html
bluemoon,21.05.2013,holgi,https://twitter.com/holgi
bluemoon,21.07.2013,,
bluemoon,22.09.2013,holgi,https://twitter.com/holgi
bluemoon,22.10.2013,holgi,https://twitter.com/holgi
bluemoon,23.06.2013,Holger Klein (@holgi,https://alpha.app.net/holgi
bluemoon,23.07.2013,Holger Klein (@holgi,https://alpha.app.net/holgi
bluemoon,23.10.2013,holgi,https://twitter.com/holgi
bluemoon,24.09.2013,holgi,https://twitter.com/holgi
bluemoon,25.06.2013,Holger Klein,
bluemoon,26.05.2013,holgi,https://twitter.com/holgi
Bluemoon,bluemoon-260613,holgi,https://twitter.com/holgi
bluemoon/LateLine,bluemoon-270813,holgi,https://twitter.com/holgi
bluemoon,27.10.2013,holgi,https://twitter.com/holgi
bluemoon,28.05.2013,holgi,https://twitter.com/holgi
bluemoon,29.09.2013,holgi,https://twitter.com/holgi
bluemoon,29.10.2013,holgi,https://twitter.com/holgi
bluemoon,30.06.2013,Holger Klein (@holgi,https://alpha.app.net/holgi
bluemoon,30.06.2013,Golo Schmiedt,
bluemoon,19.05.2013,Holger Klein,
Blue Moon -Shownotes,81,holgi,https://twitter.com/holgi
bundesradio,BR007,timpritlove>,https://twitter.com/timpritlove
bundesradio,BR007,phillipbanse>,https://twitter.com/phillipbanse
chaosradio,191,Marcus Richter (@monoxyd,https://alpha.app.net/monoxyd
chaosradio,191,Andy Müller Maguhn,
chaosradio,191,Gerd Eist (@erdgeist,https://twitter.com/erdgeist
chaosradio,191,Linus Neumann @linuzifer,https://alpha.app.net/linuzifer
chaosradio,190,holgi,https://twitter.com/holgi
chaosradio,190,Pat,
chaosradio,190,Micha,
chaosradio,190,Erdgeist,https://twitter.com/Erdgeist
chaosradio,193,monoxyd,https://twitter.com/monoxyd
chaosradio,193,andreasdotorg,https://twitter.com/andreasdotorg
chaosradio,193,br3t,https://twitter.com/br3t
chaosradio,194,Marcus Richter (@monoxyd,https://twitter.com/monoxyd
chaosradio,194,starbug (@46halbe,https://twitter.com/46halbe
chaosradio,194,Dr. Constanze Kurz,
chaosradio,195,Marcus Richter (@monoxyd,https://alpha.app.net/monoxyd
chaosradio,195,Lars Weiler (@PylonC,https://twitter.com/PylonC
chaosradio,195,StarBug,
chaosradio,195,,
chaosradio,195,Leon,
,,,
,,,
,,,
Culinaricast,84,culinaricast,https://twitter.com/culinaricast
Culinaricast,84,herdblog,https://twitter.com/herdblog
Culinaricast,84,kuechenjunge,https://twitter.com/kuechenjunge
Culinaricast,85 - Erdbeeren,Culinaricast,https://twitter.com/Culinaricast
Culinaricast,85 - Erdbeeren,Oliver Hallmann,https://twitter.com/ollyyh
Culinaricast,86 - Kochbücher,Culinaricast,https://twitter.com/Culinaricast
Culinaricast,86 - Kochbücher,Christian,http://www.kuechenjunge.com/
Culinaricast,87 - Bacon,Culinaricast,https://twitter.com/Culinaricast
Culinaricast,87 - Bacon,fernsehmuell,https://twitter.com/fernsehmuell
Culinaricast,88,Culinaricast,https://twitter.com/Culinaricast
Culinaricast,88,ollyhh,https://twitter.com/ollyhh
Datenkanal,24,Jörg,
Datenkanal,24,Jens,
Datenkanal,25,Jörg,
Datenkanal,25,Jens,
datenkanal,26,Jörg,
datenkanal,26,Jens,
Datenkanal,27,Silke Helfrich,
Datenkanal,27,Jens Kubieziel,
Datenkanal,27,Jörg Sommer,
devradio,238,,
die-stroemung,7,T_Martinsen,https://twitter.com/T_Martinsen
die-stroemung,7,Gruenkariert,https://twitter.com/Gruenkariert
die-stroemung,7,Witzman,https://twitter.com/Witzman
die-stroemung,7,ingoebel,https://twitter.com/ingoebel
die-stroemung,8,Herr_Martinsen,https://twitter.com/Herr_Martinsen
die-stroemung,8,ingoebel,https://twitter.com/ingoebel
die-stroemung,8,gruenkariert,https://twitter.com/gruenkariert
die-stroemung,8,Witzman,https://twitter.com/Witzman
die-stroemung,9,,
WRINT Wrintheit 43,wrint-203,holgi,https://twitter.com/holgi
WRINT Wrintheit 43,wrint-203,silenttiffy,https://twitter.com/silenttiffy
dst,3,Jens,
dst,3,Joe,
dst,3,Kai,
Einschlafen Podcast 229 vom 18.April 2013,229,Toby Baier,
Einschlafen Podcast 229 vom 18.April 2013,229,tobybaier,https://twitter.com/tobybaier
Einschlafen Podcast 229 vom 18.April 2013,229,schlafein,https://twitter.com/schlafein
Einschlafen Podcast 230 vom 22.April 2013,230,Toby Baier,
Einschlafen Podcast 230 vom 22.April 2013,230,tobybaier,https://twitter.com/tobybaier
Einschlafen Podcast 230 vom 22.April 2013,230,schlafein,https://twitter.com/schlafein
Einschlafen Podcast 231 vom 29.April 2013,231,Toby Baier,
Einschlafen Podcast 231 vom 29.April 2013,231,tobybaier,https://twitter.com/tobybaier
Einschlafen Podcast 231 vom 29.April 2013,231,schlafein,https://twitter.com/schlafein
einschlafen,232,Toby Baier,
einschlafen,232,tobybaier,https://twitter.com/tobybaier
einschlafen,232,schlafein,https://twitter.com/schlafein
einschlafen,233,Toby Baier,
einschlafen,233,tobybaier,https://twitter.com/tobybaier
einschlafen,233,schlafein,https://twitter.com/schlafein
einschlafen,234,Toby Baier,
einschlafen,235,Toby Baier,https://alpha.app.net/tobybaier
einschlafen,236,Toby Baier,https://alpha.app.net/tobybaier
einschlafen,237,tobybaier (@tobybaier,https://alpha.app.net
einschlafen,238,tobybaier,https://alpha.app.net/tobybaier
einschlafen,239,tobybaier,https://alpha.app.net/tobybaier
einschlafen,240,Toby Baier,https://alpha.app.net/tobybaier
einschlafen,241,Toby Baier,https://alpha.app.net/tobybaier
einschlafen,242,Toby Baier (@tobybaier,https://alpha.app.net/tobybaier
einschlafen,243,Toby Baier (@tobybaier,https://alpha.app.net/tobybaier
einschlafen,244,Toby Baier (@tobybaier,https://alpha.app.net/tobybaier
einschlafen,245,tobybaier,https://twitter.com/tobybaier
einschlafen,246,tobybaier,https://twitter.com/tobybaier
einschlafen,247,tobybaier,https://twitter.com/tobybaier
einschlafen,248,Toby Baier (@tobybaier,https://alpha.app.net/tobybaier
einschlafen,249,tobybaier,https://twitter.com/tobybaier
einschlafen,250,tobybaier,https://twitter.com/tobybaier
einschlafen,251,tobybaier,https://twitter.com/tobybaier
einschlafen,252,tobybaier,https://twitter.com/tobybaier
einschlafen,253,tobybaier,https://twitter.com/tobybaier
einschlafen,254,tobybaier,https://twitter.com/tobybaier
einschlafen,255,tobybaier,https://twitter.com/tobybaier
einschlafen,256,tobybaier,https://twitter.com/tobybaier
einschlafen,257,tobybaier,https://twitter.com/tobybaier
Einschlafen Podcast 228 vom,228,Toby Baier,
Einschlafen Podcast 228 vom,228,tobybaier,https://twitter.com/tobybaier
Einschlafen Podcast 228 vom,228,schlafein,https://twitter.com/schlafein
freak-show,115,timpritlove,https://twitter.com/timpritlove
freak-show,115,denis2342,https://twitter.com/denis2342
freak-show,115,roddi,https://twitter.com/roddi
freak-show,115,csh42,https://twitter.com/csh42
freak-show,116,timpritlove,https://twitter.com/timpritlove
freak-show,116,roddi,https://twitter.com/roddi
freak-show,116,hukl,https://twitter.com/hukl
freak-show,117,timpritlove,https://twitter.com/timpritlove
freak-show,117,roddi,https://twitter.com/roddi
freak-show,117,hukl,https://twitter.com/hukl
freak-show,117,csch42,https://twitter.com/csch42
freak-show,118,timpritlove,https://twitter.com/timpritlove
freak-show,118,roddi,https://twitter.com/roddi
freak-show,118,denis2342,https://twitter.com/denis2342
freak-show,118,csch,https://twitter.com/csch
freak-show,118,hukl,https://twitter.com/hukl
freak-show,119,timpritlove,https://twitter.com/timpritlove
freak-show,119,roddi,https://twitter.com/roddi
freak-show,119,denis2342,https://twitter.com/denis2342
freak-show,119,csch,https://twitter.com/csch
freak-show,119,hukl,https://twitter.com/hukl
freak-show,120,timpritlove,https://twitter.com/timpritlove
freak-show,120,roddi,https://twitter.com/roddi
freak-show,120,denis2342,https://twitter.com/denis2342
freak-show,120,csch42,https://twitter.com/csch42
happydaypodcast,1,Roman Richter,
happydaypodcast,1,Philipp Jordan,
,,,
hoaxilla,128,,
hoaxilla,136,AlexHoaxmaster,https://twitter.com/AlexHoaxmaster
hoaxilla,136,Blacksweettoy,https://twitter.com/Blacksweettoy
hoaxilla,136,Illuminatus23,https://twitter.com/Illuminatus23
hoaxilla,136,LAFischinger,https://twitter.com/LAFischinger
lateline,10,Holger Klein (@holgi,https://alpha.app.net/holgi
lateline,8072013,,
,,,
der-lautsprecher,11,Tim Pritlove,http://alpha.app.net/timpritlove
der-lautsprecher,11,Ralf Stockmann,http://alpha.app.net/rstockm
der-lautsprecher,11,Eric Teubert,http://alpha.app.net/ericteubert
LeCast,6,Pascal (@KleinesP)  #link,https://twitter.com/KleinesP
LeCast,8,Pascal (@KleinesP)  #link,https://twitter.com/KleinesP
maerchenstunde,29,343Max,https://twitter.com/343Max
maerchenstunde,29,bjoerngrau,https://twitter.com/bjoerngrau
mikrodilettanten,57,Nicolas Semak,
mikrodilettanten,57,Phil Schmidt,
mikrodilettanten,57,Gero Langisch,
mikrodilettanten,test,,
mobileMacs,108,timpritlove,https://twitter.com/timpritlove
mobileMacs,108,roddi,https://twitter.com/roddi
mobileMacs,108,csch42,https://twitter.com/csch42
mobileMacs,108,hukl,https://twitter.com/hukl
mobileMacs,108,niels_k,https://twitter.com/niels_k
mobileMacs,109,timpritlove,https://twitter.com/timpritlove
mobileMacs,109,csch42,https://twitter.com/csch42
mobileMacs,109,denis2342,https://twitter.com/denis2342
mobileMacs,109,hukl,https://twitter.com/hukl
mobileMacs,109,dirkjaeckel,https://twitter.com/dirkjaeckel
mobilemacs,110,timpritlove,https://twitter.com/timpritlove
mobilemacs,110,denis2342,https://twitter.com/denis2342
mobilemacs,110,hukl,https://twitter.com/hukl
mobilemacs,110,roddi,https://twitter.com/roddi
mobilemacs,111,timpritlove,https://twitter.com/timpritlove
mobilemacs,111,denis2342,https://twitter.com/denis2342
mobilemacs,111,roddi,https://twitter.com/roddi
mobilemacs,111,csch42,https://twitter.com/csch42
mobilemacs,111,MOApp,https://twitter.com/MOApp
mobileMacs,112,timpritlove,https://twitter.com/timpritlove
mobileMacs,112,denis2342,https://twitter.com/denis2342
mobileMacs,112,roddi,https://twitter.com/roddi
mobileMacs,112,csch42,https://twitter.com/csch42
mobilemacs,113,timpritlove,https://twitter.com/timpritlove
mobilemacs,113,denis2342,https://twitter.com/denis2342
mobilemacs,113,csch42,https://twitter.com/csch42
mobilemacs,113,hukl,https://twitter.com/hukl
mobilemacs,114,timpritlove,https://twitter.com/timpritlove
mobilemacs,114,denis2342,https://twitter.com/denis2342
mobilemacs,114,hukl,https://twitter.com/hukl
mobilemacs,114,roddi,https://twitter.com/roddi
nerdkunde,12,Essy Hentrich,https://alpha.app.net/cashewkernchen
nerdkunde,12,Klaus Zanders,https://alpha.app.net/klaustopher
nerdkunde,12,Lucas Dohmen,https://alpha.app.net/moonglum
nerdkunde,12,Tobias Eilert,https://alpha.app.net/einlama
Nerdkunde,nerdkunde-016,Klaus Zanders (@klaustopher,https://twitter.com/klaustopher
Nerdkunde,nerdkunde-016,Essy Hentrich (@casheeew,https://twitter.com/casheeew
Nerdkunde,nerdkunde-016,Tobias Eilert (@l_ama,https://twitter.com/l_ama
Nerdkunde,nerdkunde-016,Marco Schaden (@donschado,https://twitter.com/donschado
Nerdkunde,13,,
nerdkunde,15,Klaus Zanders,
nerdkunde,15,Lucas Dohmen,
nerdkunde,15,Essy Hentrich,
nerdkunde,15,Tobias Eilert,
nerdsfm,8,Max Winde,
nerdsfm,8,Robb Böhnke,
nerdsfm,8,Chris Eidhof,
nerdsfm,9,,
nerdsfm,10,,
netzgesprache,71,Witzman,https://twitter.com/Witzman
netzgesprache,71,thomashpunkt,https://twitter.com/thomashpunkt
netzgesprache,73,Witzman,https://twitter.com/Witzman
netzgesprache,73,thomashpunkt,https://twitter.com/thomashpunkt
netzgesprache,74,Witzman,https://twitter.com/Witzman
netzgesprache,74,thomashpunkt,https://twitter.com/thomashpunkt
netzgesprache,77,Witzman,https://twitter.com/Witzman
netzgesprache,77,thomashpunkt,https://twitter.com/thomashpunkt
netzgesprache,78,,
netzgesprache,79,Witzman,https://twitter.com/Witzman
netzgesprache,79,thomashpunkt,https://twitter.com/thomashpunkt
netzgesprache,80,Witzman,https://twitter.com/Witzman
netzgesprache,80,thomashpunkt,https://twitter.com/thomashpunkt
netzgesprache,81,,
netzgesprache,70,Witzman,https://twitter.com/Witzman
netzgesprache,70,thomashpunkt,https://twitter.com/thomashpunkt
Netzgespraeche,75,Witzman,https://twitter.com/Witzman
Netzgespraeche,75,thomashpunkt,https://twitter.com/thomashpunkt
Netzgespraeche,76,,
netzgesprache,72,Witzman,https://twitter.com/Witzman
netzgesprache,72,thomashpunkt,https://twitter.com/thomashpunkt
NSFW,68,timpritlove,https://twitter.com/timpritlove
NSFW,68,holgi,https://twitter.com/holgi
nsfw,69,timpritlove,https://twitter.com/timpritlove
nsfw,69,holgi,https://twitter.com/holgi
nsfw,70,timpritlove,https://twitter.com/timpritlove
nsfw,70,holgi,https://twitter.com/holgi
nsfw,75,timpritlove,https://twitter.com/timpritlove
nsfw,75,holgi,https://twitter.com/holgi
nsfw,71,timpritlove,https://twitter.com/timpritlove
nsfw,71,holgi,https://twitter.com/holgi
nsfw,72,timpritlove,https://twitter.com/timpritlove
nsfw,72,holgi,https://twitter.com/holgi
nsfw,73,timpritlove,https://twitter.com/timpritlove
nsfw,73,holgi,https://twitter.com/holgi
nsfw,74,timpritlove,https://twitter.com/timpritlove
nsfw,74,holgi,https://twitter.com/holgi
nsfw,76,timpritlove,https://twitter.com/timpritlove
nsfw,76,holgi,https://twitter.com/holgi
nsfw,77,timpritlove,https://twitter.com/timpritlove
nsfw,77,holgi,https://twitter.com/holgi
Psychotalk,psyt-006,AlexHoaxmaster,https://twitter.com/AlexHoaxmaster
Psychotalk,psyt-006,Illuminatus23,https://twitter.com/Illuminatus23
Psychotalk,psyt-006,SvenRudloff,https://twitter.com/SvenRudloff
Psychotalk,7,AlexHoaxmaster,https://twitter.com/AlexHoaxmaster
Psychotalk,7,Illuminatus23,https://twitter.com/Illuminatus23
Psychotalk,7,SvenRudloff,https://twitter.com/SvenRudloff
Psychotalk,7,Gast Denise Anton von der Pfotenhilfe Ungarn e. V.,http://www.pfotenhilfe-ungarn.de/denise_anton0.html
Psychotalk,8,AlexHoaxmaster,https://twitter.com/AlexHoaxmaster
Psychotalk,8,Illuminatus23,https://twitter.com/Illuminatus23
Psychotalk,8,SvenRudloff,https://twitter.com/SvenRudloff
Psychotalk,9,AlexHoaxmaster,https://twitter.com/AlexHoaxmaster
Psychotalk,9,Illuminatus23,https://twitter.com/Illuminatus23
Psychotalk,9,SvenRudloff,https://twitter.com/SvenRudloff
Psychotalk,9,Katrin Winkel,http://www.harkortpraxis.de/katrin-winkel.html
Psychotalk,9,Diana Menschig <www.worthueter.de>,
Psychotalk - Musik,10,AlexHoaxmaster,https://twitter.com/AlexHoaxmaster
Psychotalk - Musik,10,Illuminatus23,https://twitter.com/Illuminatus23
Psychotalk - Musik,10,@SvenRudloff mit Gast: Daniela @,
psychotalk,PSYT011,AlexHoaxmaster,https://twitter.com/AlexHoaxmaster
psychotalk,PSYT011,Illuminatus23,https://twitter.com/Illuminatus23
psychotalk,PSYT011,SvenRudloff,https://twitter.com/SvenRudloff
psychotalk,PSYT011,Der_Buddler,https://twitter.com/Der_Buddler
psychotalk,PSYT011,BlackSweet_S,https://twitter.com/BlackSweet_S
psychotalk,12,illuminatus23,https://twitter.com/illuminatus23
psychotalk,12,svenrudloff,https://twitter.com/svenrudloff
psychotalk,12,hoaxmaster,https://twitter.com/hoaxmaster
psychotalk,13,illuminatus23,https://twitter.com/illuminatus23
psychotalk,13,svenrudloff,https://twitter.com/svenrudloff
psychotalk,13,hoaxmaster,https://twitter.com/hoaxmaster
psychotalk,PSYT011,AlexHoaxmaster,https://twitter.com/AlexHoaxmaster
psychotalk,PSYT011,Illuminatus23,https://twitter.com/Illuminatus23
psychotalk,PSYT011,SvenRudloff,https://twitter.com/SvenRudloff
psychotalk,PSYT011,Der_Buddler,https://twitter.com/Der_Buddler
psychotalk,PSYT011,BlackSweet_S,https://twitter.com/BlackSweet_S
Pubkameraden <http://www.pubkameraden.de/>,PP025,tobybaier,https://twitter.com/tobybaier
Pubkameraden <http://www.pubkameraden.de/>,PP025,Christoph,
Pubkameraden <http://www.pubkameraden.de/>,PP025,Jürgen,
Pubkameraden <http://www.pubkameraden.de/>,PP027,tobybaier,https://twitter.com/tobybaier
Pubkameraden <http://www.pubkameraden.de/>,PP027,eazyliving,https://twitter.com/eazyliving
Pubkameraden <http://www.pubkameraden.de/>,PP027,monoxyd,https://twitter.com/monoxyd
pubkameraden,28,Toby Baier (@tobybaier,https://alpha.app.net/tobybaier
pubkameraden,28,Sven Mencke (@culinaricast,https://alpha.app.net/culinaricast
Pubkameraden,29,Tobias Baier (@tobybaier,https://alpha.app.net/tobybaier
Pubkameraden,29,Christian,
Pubkameraden,29,Lovis,
Pubkameraden,29,Mareile,
pubkameraden,30,tobybaier,https://twitter.com/tobybaier
pubkameraden,30,realsaintsol,https://twitter.com/realsaintsol
pubkameraden,31,tobybaier,https://twitter.com/tobybaier
pubkameraden,31,Gourmetsyndrom,https://twitter.com/Gourmetsyndrom
pubkameraden,31,Angela Pulejo,
pubkameraden,31,vale,https://alpha.app.net/vale
quasselstrippen,47,Herr_Martinsen,https://twitter.com/Herr_Martinsen
quasselstrippen,47,gruenkariert,https://twitter.com/gruenkariert
quasselstrippen,39,Gruenkariert,https://twitter.com/Gruenkariert
quasselstrippen,39,T_Martinsen,https://twitter.com/T_Martinsen
quasselstrippen,40,"Les ponies d'audio",
quasselstrippen,41,gruenkariert,
quasselstrippen,41,ikari,
quasselstrippen,42,gruenkariert,https://twitter.com/gruenkariert
quasselstrippen,42,t_martinsen,https://twitter.com/t_martinsen
quasselstrippen,43,gruenkariert,https://twitter.com/gruenkariert
quasselstrippen,43,Herr_Martinsen,https://twitter.com/Herr_Martinsen
quasselstrippen,44,gruenkariert,https://twitter.com/gruenkariert
quasselstrippen,44,Herr_Martinsen,https://twitter.com/Herr_Martinsen
quasselstrippen,45,,
quasselstrippen,46,,
quasselstrippen,48,Gruenkariert,https://twitter.com/Gruenkariert
quasselstrippen,48,Herr_Martinsen,https://twitter.com/Herr_Martinsen
quasselstrippen,49,Frau Kariert (@gruenkariert,https://twitter.com/gruenkariert
quasselstrippen,49,Herr_Martinsen,https://twitter.com/Herr_Martinsen
quasselstrippen,50,Frau Kariert,https://twitter.com/gruenkariert
quasselstrippen,50,Herr Martinsen (@ikari,https://alpha.app.net/ikari
radio-osm,18,Marc,
radio-osm,18,Peter,
radio-osm,18,Andi,
radio-osm,19,,
radio-osm,22,Andi (@saerdnaer,https://twitter.com/Saerdnaer
radio-osm,22,Marc (@mac_do,https://alpha.app.net/Mac_do
radio-osm,22,Michael,
radio-osm,23,Andi (@saerdnaer,https://twitter.com/Saerdnaer
radio-osm,23,Marc (@mac_do,https://alpha.app.net/Mac_do
radio-osm,23,MaZderMind,https://twitter.com/MaZderMind
radio-osm,24,Andi,
radio-osm,24,Marc,
radio-osm,24,Peter,
radio-osm,20,Andi ( @saerdnaer,https://twitter.com/saerdnaer
radio-osm,20,Marc (@mac_do,https://alpha.app.net/Mac_do
radio-osm,20,MaZderMind,https://twitter.com/MaZderMind
radio-osm,20,Olli,
radio-osm,20,Tracy,
radio-osm,21,Andi (@saerdnaer,https://twitter.com/Saerdnaer
radio-osm,21,Marc (@mac_do,https://alpha.app.net/Mac_do
radio-osm,21,MaZderMind,https://twitter.com/MaZderMind
radio-osm,21,Frederik,
Radiorollenspiel,1,Monoxyd,https://twitter.com/Monoxyd
Radiorollenspiel,1,Hirschtag,https://twitter.com/Hirschtag
Radiorollenspiel,1,Mats Leubner,
Radiorollenspiel,1,Magdalena Bienert,
Radiorollenspiel,1,Sebastian Simmert,
Rautenradio,RR020,Herzi,
Rautenradio,RR020,...,
rautenradio,21,herzi,https://twitter.com/herzi;
robotiklabor,24,Markus Knapp,
robotiklabor,24,Alexander Moser,
robotiklabor,24,Martin,
robotiklabor,25,Markus Knapp,
robotiklabor,25,Alexander Moser,
robotiklabor,25,Martin,
robotiklabor,26,Markus Knapp,
robotiklabor,26,Alexander Moser,
robotiklabor,26,Martin,
robotiklabor,27,direcs,https://twitter.com/direcs
robotiklabor,27,Martin,
robotiklabor,27,Alexander Moser,
robotiklabor,28,direcs,https://twitter.com/direcs
robotiklabor,28,Alexander Moser,
robotiklabor,28,Martin,
robotiklabor,29,direcs,https://twitter.com/direcs
robotiklabor,29,Alexander Moser,
robotiklabor,29,Martin,
Schmalsprech,49,peterknapp,https://twitter.com/peterknapp
Schmalsprech,49,tierkritiker,https://twitter.com/tierkritiker
sendungsbewusststein,SB002,Mirco Blitz,
sendungsbewusststein,SB002,Katrin Rönicke,
sondersendung,1,timpritlove,https://twitter.com/timpritlove
sondersendung,1,wortkomplex,https://twitter.com/wortkomplex
sondersendung,1,martinhaase,https://twitter.com/martinhaase
sondersendung,2,wortkomplex,https://twitter.com/wortkomplex
sondersendung,2,rstockm,https://twitter.com/rstockm
sondersendung,3,timpritlove,https://twitter.com/timpritlove
sondersendung,3,rstockm,https://twitter.com/rstockm
Soziopod,28,breitenbach,https://twitter.com/breitenbach
Soziopod,28,Dr. Nils Köbel,
Soziopod,29,breitenbach,https://twitter.com/breitenbach
Soziopod,29,Dr. Nils Köbel,
Soziopod,30,breitenbach,https://twitter.com/breitenbach
Soziopod,30,Dr. Nils Köbel,
Soziopod,31,breitenbach,https://twitter.com/breitenbach
Soziopod,31,Dr. Nils Köbel,
Soziopod,32,breitenbach,https://twitter.com/breitenbach
Soziopod,32,Dr. Nils Köbel,
"Claudia Krell (@wortkomplex), Ralf Stockmann (@rstockm), Renke Bruhn (@brundsoweiter)",,wortkomplex,https://twitter.com/wortkomplex
"Claudia Krell (@wortkomplex), Ralf Stockmann (@rstockm), Renke Bruhn (@brundsoweiter)",,rstockm,https://twitter.com/rstockm
"Claudia Krell (@wortkomplex), Ralf Stockmann (@rstockm), Renke Bruhn (@brundsoweiter)",,brundsoweiter,https://twitter.com/brundsoweiter
wikigeeks,46,wortkomplex,https://twitter.com/wortkomplex
wikigeeks,46,rstockm,https://twitter.com/rstockm
wikigeeks,46,bruhndsoweiter,https://twitter.com/bruhndsoweiter
wikigeeks,47,wortkomplex,https://twitter.com/wortkomplex
wikigeeks,47,rstockm,https://twitter.com/rstockm
wikigeeks,47,bruhndsoweiter,https://twitter.com/bruhndsoweiter
wikigeeks,48,wortkomplex,https://twitter.com/wortkomplex
wikigeeks,48,rstockm,https://twitter.com/rstockm
wikigeeks,48,bruhndsoweiter,https://twitter.com/bruhndsoweiter
"Claudia Krell (@wortkomplex), Ralf Stockmann (@rstockm), Renke Bruhn (@brundsoweiter)",,wortkomplex,https://twitter.com/wortkomplex
"Claudia Krell (@wortkomplex), Ralf Stockmann (@rstockm), Renke Bruhn (@brundsoweiter)",,rstockm,https://twitter.com/rstockm
"Claudia Krell (@wortkomplex), Ralf Stockmann (@rstockm), Renke Bruhn (@brundsoweiter)",,brundsoweiter,https://twitter.com/brundsoweiter
Wikigeeks,44,wortkomplex,https://twitter.com/wortkomplex
Wikigeeks,44,rstockm,https://twitter.com/rstockm
Wikigeeks,44,bruhn,https://twitter.com/bruhn
wikigeeks,45,bruhn,https://twitter.com/bruhn
wikigeeks,45,rstockm,https://twitter.com/rstockm
wikigeeks,45,wortkomplex,https://twitter.com/wortkomplex
wir-mussen-reden,63,mspro,https://twitter.com/mspro
wir-mussen-reden,63,343max,https://twitter.com/343max
wir-mussen-reden,64,mspro,https://twitter.com/mspro
wir-mussen-reden,64,343max,https://twitter.com/343max
wir-mussen-reden,65,mspro,https://twitter.com/mspro
wir-mussen-reden,65,343max,https://twitter.com/343max
wir-mussen-reden,65,Fiona,
wir-mussen-reden,66,mspro,https://twitter.com/mspro
wir-mussen-reden,66,343max,https://twitter.com/343max
wir-mussen-reden,67,Michael Seemann (@mspro,https://twitter.com/mspro
wir-mussen-reden,67,Max Winde (@343max,https://twitter.com/343max
wir-mussen-reden,67,@ennomane,https://twitter.com/ennomane
wir-mussen-reden,68,mspro,https://twitter.com/mspro
wir-mussen-reden,68,343max,https://twitter.com/343max
wir-mussen-reden,68,Anne Roth (@annalist,http://annalist.noblogs.org/
wir-mussen-reden,69,,
wir-mussen-reden,70,mspro,https://twitter.com/mspro
wir-mussen-reden,70,343max,https://twitter.com/343max
wir-mussen-reden,70,johl,https://twitter.com/johl
wir-mussen-reden,71,Michael Seemann (@mspro,https://twitter.com/mspro
wir-mussen-reden,71,Max von  Webel (@343max,https://twitter.com/343max
wir-mussen-reden,71,_noujoum,https://twitter.com/_noujoum
wir-mussen-reden,72,Max von Webel,http://twitter.com/343max
wir-mussen-reden,72,Michael Seemann,http://twitter.com/mspro
wir-mussen-reden,74,Max von Webel,http://twitter.com/343max
wir-mussen-reden,74,Michael Seemann,http://twitter.com/mspro
wir-mussen-reden,74,,
ca 12:05 Uhr,,luutoo,https://twitter.com/luutoo
ca 12:05 Uhr,,vale,https://twitter.com/vale
ca 12:05 Uhr,,Ingmar,
ca 12:05 Uhr,,sakartha,
Realitätsabgleich,36,holgi,https://twitter.com/holgi
Realitätsabgleich,36,,
Realitätsabgleich,36,tobybaier,https://twitter.com/tobybaier
Realitätsabgleich,36,schlafein,https://twitter.com/schlafein
wrint,54,,
Ferngespräche,23,holgi,https://twitter.com/holgi
Realitätsabgleich,37,holgi,https://twitter.com/holgi
Realitätsabgleich,37,TobyBaier,https://twitter.com/TobyBaier
Wrint,174,holgi,https://twitter.com/holgi
Wrint,174,silenttiffy,https://twitter.com/silenttiffy
WRINT Realitätsabgleich,38,holgi,https://twitter.com/holgi
WRINT Realitätsabgleich,38,tobybaier,https://twitter.com/tobybaier
wrint,177,holgi,https://twitter.com/holgi
wrint,177,tobybaier,https://twitter.com/tobybaier
wrint,178,holgi,https://twitter.com/holgi
wrint,178,silenttiffy,https://twitter.com/silenttiffy
wrint,179,,
wrint,181,,
wrint,182,,
wrint,183,holgi,https://twitter.com/holgi
wrint,183,silenttiffy,https://twitter.com/silenttiffy
wrint,184,Holger Klein (@holgi,https://alpha.app.net/holgi
wrint,184,Toby Baier (@tobybaier,https://alpha.app.net/tobybaier
WRINT,185,Holger Klein ( @holgi,https://alpha.app.net/holgi
WRINT,185,Helena,http://antalyacity.de/
WRINT,185,Holger Klein ( @holgi,https://alpha.app.net/holgi
WRINT,185,Helena,http://antalyacity.de/
wrint,186,Holger Klein (@holgi ); Christoph Raffelt (@overkorkt,https://alpha.app.net/holgi
wrint,188,Holger Klein (@holgi,https://twitter.com/holgi
wrint,188,Alexandra Tobor (@silenttiffy,https://twitter.com/silenttiffy
wrint,190,Holger Klein,
wrint,190,Toby Baier,
wrint,191,Holger Klein,
wrint,191,Alexandra Tobor,
WRINT,wrint-194,Holger Klein (@holgi,http://twitter.com/holgi
WRINT,wrint-194,Alexandra Tobor (@silenttiffy,http://twitter.com/silenttiffy
wrint,196,holgi,https://twitter.com/holgi
wrint,196,tobybaier,https://twitter.com/tobybaier
wrint,197,holgi,https://twitter.com/holgi
wrint,197,Christoph,http://www.originalverkorkt.de/
wrint,199,holgi,https://twitter.com/holgi
wrint,199,tobybaier,https://twitter.com/tobybaier
wrint,201,holgi,https://twitter.com/holgi
wrint,201,tobybaier,https://twitter.com/tobybaier
wrint,204,holgi,https://twitter.com/holgi
wrint,204,tobybaier,https://twitter.com/tobybaier
wrint,206,holgi,https://twitter.com/holgi
wrint,206,tobybaier,https://twitter.com/tobybaier
wrint,207,holgi,https://twitter.com/holgi
wrint,207,tobybaier,https://twitter.com/tobybaier
wrint,209,holgi,https://twitter.com/holgi
wrint,209,silenttiffy,https://twitter.com/silenttiffy
wrint,210,holgi,https://twitter.com/holgi
wrint,210,tobybaier,https://twitter.com/tobybaier
wrint,211,holgi,https://twitter.com/holgi
wrint,211,silenttiffy,https://twitter.com/silenttiffy
wrint,212,holgi,https://twitter.com/holgi
wrint,212,tobybaier,https://twitter.com/tobybaier
wrint,213,holgi,https://twitter.com/holgi
wrint,214,holgi,https://twitter.com/holgi
wrint,214,Matthias von Hellfeld,
wrint,215,holgi,https://twitter.com/holgi
wrint,215,tobybaier,https://twitter.com/tobybaier
wrint,217,holgi,https://twitter.com/holgi
wrint,218,holgi,https://twitter.com/holgi
wrint,218,silenttiffy,https://twitter.com/silenttiffy
wrint,219,holgi,https://twitter.com/holgi
wrint,219,overkorkt,https://twitter.com/overkorkt
wrint,220,holgi,https://twitter.com/holgi
wrint,220,tobybaier,https://twitter.com/tobybaier
wrint,RA44,holgi,https://twitter.com/holgi
wrint,RA44,tobybaier,https://twitter.com/tobybaier
