podcast,episode,shownoter,shownoterurl
1337kultur,29,@luto,https://alpha.app.net/luto
1337kultur,29,Quimoniz,https://twitter.com/Quimoniz
1337kultur,29,Simon Waldherr,http://simon.waldherr.eu/
1337kultur,30,@luto,https://alpha.app.net/luto
1337kultur,30,quimoniz,https://twitter.com/quimoniz
1337kultur,30,simonwaldherr,https://twitter.com/simonwaldherr
1337kultur,31,Cdr_Taggart,
1337kultur,31,@Quimoniz,https://alpha.app.net/Quimoniz
Culinaricast,XX,Frank Hase,https://alpha.app.net/kambfhase
<http://einschlafen-podcast.de/>,,EvitaBley,https://twitter.com/EvitaBley
<http://einschlafen-podcast.de/>,,Dr4k3_LE,https://twitter.com/Dr4k3_LE
Einschlafen Podcast 227 vom 8.April 2013,227,EvitaBley,https://twitter.com/EvitaBley
Einschlafen Podcast 227 vom 8.April 2013,227,Dr4k3_LE,https://twitter.com/Dr4k3_LE
Einschlafen Podcast 227 vom 8.April 2013,227,simonwaldherr,https://twitter.com/simonwaldherr
Einschlafen Podcast 227 vom 8.April 2013,227,JNSchuermann,https://twitter.com/JNSchuermann
,,,
,,,
,,,
LeCast,7,shbitt (@shbitt)  #link,https://twitter.com/shbitt
Logbuch Netzpolitik,LNP64,simonwaldherr,https://twitter.com/simonwaldherr
Logbuch Netzpolitik,LNP64,evitabley,https://twitter.com/evitabley
Logbuch Netzpolitik,LNP64,svenrudloff,https://twitter.com/svenrudloff
Logbuch Netzpolitik,LNP64,Dr4k3_LE,
,MM107,EvitaBley,https://twitter.com/EvitaBley
,MM107,SimonWaldherr,https://twitter.com/SimonWaldherr
,MM107,vale,https://twitter.com/vale
,MM107,luutoo,https://twitter.com/luutoo
,MM107,Kambfhase,https://twitter.com/Kambfhase
,MM107,piff82,https://twitter.com/piff82
Märchenstunde,Nr. 27,bruhn,https://twitter.com/bruhn
Märchenstunde,Nr. 27,modnerd,https://twitter.com/modnerd
Märchenstunde,Nr. 27,rstockm,https://twitter.com/rstockm
NSFW,67,mrmoe,https://twitter.com/mrmoe
NSFW,67,kaikubasta,https://twitter.com/kaikubasta
NSFW,67,vale,https://twitter.com/vale
NSFW,67,German,
,,,
Wrint,172,evitabley,https://twitter.com/evitabley
Wrint,172,quimoniz,https://twitter.com/quimoniz
Wrint,172,Maestro_Bodo,https://twitter.com/Maestro_Bodo
ABSradio,ABS002,blumenkraft,https://twitter.com/blumenkraft
ABSradio,ABS003,Kambfhase,https://twitter.com/Kambfhase
ABSradio,ABS003,sylar_5,https://twitter.com/sylar_5
ABSradio,ABS003,ZarembaMarco,https://twitter.com/ZarembaMarco
absradio,4,blumenkraft,https://twitter.com/blumenkraft
absradio,5,@blumenkraft,https://alpha.app.net/blumenkraft
absradio,5,Frank Hase,https://alpha.app.net/kambfhase
absradio,5,@dasdom,https://alpha.app.net/dasdom
absradio,5,@quimoniz,https://alpha.app.net/Quimoniz
absradio,6,@Quimoniz,https://alpha.app.net/Quimoniz
absradio,6,Simon Waldherr,http://simon.waldherr.eu/
absradio,6,Phasenkasper,http://phasenkasper.de
absradio,7,Frank Hase,https://alpha.app.net/Kambfhase
absradio,7,Jochen Spalding,https://alpha.app.net/blumenkraft
absradio,8,@blumenkraft,https://alpha.app.net/blumenkraft
absradio,8,@kambfhase,https://alpha.app.net/kambfhase
absradio,8,@simonwaldherr,https://alpha.app.net/simonwaldherr
absradio,9,@blumenkraft,https://alpha.app.net/blumenkraft
absradio,10,,
absradio,11,@blumenkraft,http://app.net/blumenkraft
absradio,12,,
absradio,13,@zn80,https://alpha.app.net/zn80
absradio,13,@blumenkraft,https://alpha.app.net/blumenkraft
ABSradio,ABS003,Kambfhase,https://twitter.com/Kambfhase
ABSradio,ABS003,sylar_5,https://twitter.com/sylar_5
ABSradio,ABS003,ZarembaMarco,https://twitter.com/ZarembaMarco
Antalyacity,,@Quimoniz,https://alpha.app.net/Quimoniz
anycast,33,sylar_5,https://twitter.com/sylar_5
anycast,33,Quimoniz,https://twitter.com/Quimoniz
Agiles Produktmanagement,1,Quimoniz,https://twitter.com/Quimoniz
Agiles Produktmanagement,1,TobyBaier,https://twitter.com/TobyBaier
Agiles Produktmanagement,1,mathepauker,http://mathepauker.de/
Agiles Produktmanagement,1,Simon Waldherr,http://simon.waldherr.eu/
Agiles Produktmanagement,2,Quimoniz,https://twitter.com/Quimoniz
Agiles Produktmanagement,2,mathepauker,http://mathepauker.de/
Agiles Produktmanagement,2,tobybaier,https://twitter.com/tobybaier
binaergewitter,58,Savar,
binaergewitter,58,@SimonWaldherr,https://alpha.app.net/simonwaldherr
binaergewitter,58,@Dr4k3,https://alpha.app.net/dr4k3
binaergewitter,59,,
binaergewitter,60,,
binaergewitter,62,Schmittlauch,
binaergewitter,62,Savar,
binaergewitter,67,,
binaergewitter,68,,
bluemoon,01.10.2013,kaikubasta,https://twitter.com/kaikubasta
bluemoon,01.10.2013,toam,http://www.freesound.org/people/toam/
bluemoon,01.10.2013,kaeffchen_heinz,https://twitter.com/kaeffchen_heinz
bluemoon,01.10.2013,@vale,https://alpha.app.net/vale
bluemoon,01.10.2013,mathepauker,http://mathepauker.de/
bluemoon,20.06.2013,hanz,https://alpha.app.net/hanz
bluemoon,20.06.2013,BigMcIntosh,https://alpha.app.net/BigMcIntosh
bluemoon,20.06.2013,Quimoniz,https://alpha.app.net/Quimoniz
bluemoon,20.06.2013,@jo_hannes_beere,http://twitter.com/jo_hannes_beere/
bluemoon,2072013,@klaustopher,https://alpha.app.net/klaustopher
bluemoon,2072013,@kampfbhase,https://alpha.app.net/kampfbhase
bluemoon,2072013,@Quimoniz,https://alpha.app.net/quimoniz
bluemoon,2072013,@1nsider,https://twitter.com/1nsider
bluemoon,30.09.2013,kaeffchen_heinz,https://twitter.com/kaeffchen_heinz
bluemoon,30.09.2013,modprobe,https://twitter.com/modprobe
bluemoon,30.09.2013,bibale_,https://twitter.com/bibale_
bluemoon,30.09.2013,moritz1997,https://twitter.com/moritz1997
bluemoon,04.06.2013,hanz,https://alpha.app.net/hanz
bluemoon,04.06.2013,@jo_hannes_beere,http://twitter.com/jo_hannes_beere
bluemoon,04.06.2013,@Quimoniz,https://alpha.app.net/Quimoniz
bluemoon,04.06.2013,NGC-Ollie,http://ngc-ollie.de
bluemoon,05.05.2013,Abkueko,
bluemoon,05.05.2013,vale,https://twitter.com/vale
bluemoon,05.05.2013,Jo_Hannes_Beere,https://twitter.com/Jo_Hannes_Beere
bluemoon,05.11.2013,kaeffchen_heinz,https://twitter.com/kaeffchen_heinz
bluemoon,05.11.2013,codingbinary,https://twitter.com/codingbinary
bluemoon,05.11.2013,frodolf,https://twitter.com/frodolf
bluemoon,06.06.2013,hanz,https://twitter.com/kaeffchen_heinz
bluemoon,06.06.2013,BigMcIntosh91,https://twitter.com/BigMcIntosh91
bluemoon,06.06.2013,Yocky,https://twitter.com/yocky96
bluemoon,06.06.2013,alexwien,https://twitter.com/alexwien
bluemoon,06.06.2013,Quimoniz,https://alpha.app.net/Quimoniz
bluemoon,06.06.2013,jo_hannes_beere,http://twitter.com/jo_hannes_beere
bluemoon,06.08.2013,Quimoniz,https://twitter.com/Quimoniz
bluemoon,06.08.2013,kaeffchen_heinz,https://twitter.com/kaeffchen_heinz
bluemoon,06.08.2013,1nsider,https://twitter.com/1nsider
bluemoon,06.08.2013,tobybaier,https://twitter.com/tobybaier
bluemoon,06.10.2013,toam,http://www.freesound.org/people/toam/
bluemoon,06.10.2013,old_swede,https://twitter.com/old_swede
bluemoon,06.10.2013,Tyde,
bluemoon,07.05.2013,Abkueko,https://twitter.com/Abkueko
bluemoon,07.05.2013,Jo_Hannes_Beere,https://twitter.com/Jo_Hannes_Beere
bluemoon,07.05.2013,Quimoniz,https://twitter.com/Quimoniz
bluemoon,07.05.2013,MaZderMind,https://twitter.com/MaZderMind
bluemoon,07.05.2013,kaeffchen_heinz,https://twitter.com/kaeffchen_heinz
bluemoon,7072013,@Quimoniz,https://alpha.app.net/Quimoniz
bluemoon,7072013,@BigMcIntosh,https://alpha.app.net/BigMcIntosh
bluemoon,7072013,marian,
bluemoon,08.10.2013,kaikubasta,https://twitter.com/kaikubasta
bluemoon,08.10.2013,old_swede,https://twitter.com/old_swede
bluemoon,08.10.2013,MK-Blau,https://twitter.com/MK-Blau
bluemoon,09.10.2013,@Quimoniz,https://alpha.app.net/Quimoniz
bluemoon,10.09.2013,quimoniz,https://twitter.com/quimoniz
bluemoon,10.09.2013,kaeffchen_heinz,https://twitter.com/kaeffchen_heinz
bluemoon,102,@BigMcIntosh91,https://twitter.com/BigMcIntosh91
bluemoon,102,mathepauker,http://mathepuker.de/
bluemoon,105,mathepauker,http://mathepauker.de/
bluemoon,105,@Quimoniz,https://alpha.app.net/Quimoniz
bluemoon,105,marian,
bluemoon,105,@LangerJan,https://twitter.com/LangerJan
bluemoon,105,beni,
bluemoon,109,@1nsider,https://twitter.com/1nsider
bluemoon,109,@Gottox,https://twitter.com/Gottox
bluemoon,109,@bibale_,https://twitter.com/bibale_
bluemoon,109,itisincomplete,
bluemoon,11.06.2013,@Quimoniz,https://alpha.app.net/Quimoniz
bluemoon,11.06.2013,@Kambfhase,https://alpha.app.net/Kambfhase
bluemoon,11.06.2013,NGC-Ollie,https://twitter.com/ngc_ollie
bluemoon,11.06.2013,@stormitux,https://twitter.com/stormitux
bluemoon,11.06.2013,@vale,https://alpha.app.net/vale
bluemoon,12.05.2013,kaeffchen_heinz,https://twitter.com/kaeffchen_heinz
bluemoon,12.05.2013,,
bluemoon,128,kaeffchen_heinz,https://twitter.com/kaeffchen_heinz
bluemoon,128,Tyde,
bluemoon,128,iterationbound,https://twitter.com/iterationbound
bluemoon,128,Quimoniz,https://twitter.com/Quimoniz
bluemoon,13.08.2013,1nsider,https://twitter.com/1nsider
bluemoon,13.08.2013,mathepauker,http://mathepauker.de
bluemoon,13.08.2013,vale,https://twitter.com/vale
bluemoon,13.10.2013,Tyde,
bluemoon,13.10.2013,ohnehin,https://twitter.com/ohnehin
bluemoon,13.10.2013,toam,
Bluemoon,83,Abkueko,https://twitter.com/Abkueko
Bluemoon,83,vale,https://twitter.com/vale
bluemoon,14.05.2013,BigMcIntosh91,https://twitter.com/BigMcIntosh91
bluemoon,14.05.2013,vale,https://twitter.com/vale
bluemoon,14.05.2013,kaeffchen_heinz,https://twitter.com/kaeffchen_heinz
bluemoon,14.05.2013,Jo_Hannes_Beere,https://twitter.com/Jo_Hannes_Beere
bluemoon,14.05.2013,stormitux,https://twitter.com/stormitux
bluemoon,14.05.2013,Quimoniz,
bluemoon,14.07.2013,Quimoniz,https://twitter.com/Quimoniz
bluemoon,14.07.2013,@NGC_Ollie,http://ngc-ollie.de
bluemoon,14.07.2013,marian,
bluemoon,14.07.2013,beni,
bluemoon,15.08.2013,kaeffchen_heinz,https://twitter.com/kaeffchen_heinz
bluemoon,15.08.2013,Quimoniz,https://twitter.com/Quimoniz
bluemoon,16.06.2013,Abkueko,https://twitter.com/Abkueko
bluemoon,16.06.2013,NGC_Ollie,https://twitter.com/NGC_Ollie
bluemoon,16.06.2013,HorayNarea,https://twitter.com/HorayNarea
bluemoon,16.06.2013,frakturfreak,https://twitter.com/frakturfreak
bluemoon,16.07.2013,,
bluemoon,17.09.2013,kaeffchen_heinz,https://twitter.com/kaeffchen_heinz
bluemoon,17.09.2013,@Quimoniz,https://alpha.app.net/Quimoniz
bluemoon,17.09.2013,toam,
bluemoon,18.06.2013,jo_hannes_beere,http://twitter.com/jo_hannes_beere
bluemoon,18.06.2013,kaeffchen_heinz>,https://twitter.com/kaeffchen_heinz
bluemoon,18.06.2013,marian,
bluemoon,18.08.2013,mathepauker,http://mathepauker.de/
bluemoon,18.08.2013,leierkasten,https://twitter.com/leierkasten
bluemoon,18.08.2013,quimoniz,https://twitter.com/quimoniz
bluemoon,19.05.2013,Abkueko,https://twitter.com/Abkueko
bluemoon,19.05.2013,Tyde,
bluemoon,19.05.2013,@Quimoniz,https://alpha.app.net/Quimoniz
bluemoon,19.05.2013,@Weidekaiser,https://twitter.com/weidekaiser
bluemoon,20.08.2013,1nsider,https://twitter.com/1nsider
bluemoon,20.08.2013,Quimoniz,https://twitter.com/Quimoniz
bluemoon,20.08.2013,kaeffchen_heinz,https://twitter.com/kaeffchen_heinz
bluemoon,20.08.2013,moritz1997,https://twitter.com/moritz1997
bluemoon,20.10.2013,toam,http://www.freesound.org/people/toam/
bluemoon,20.10.2013,kaikubasta,https://twitter.com/kaikubasta
bluemoon,28.07.2013,@zarembamarco,https://twitter.com/zarembamarco
bluemoon,28.07.2013,beni,
bluemoon,28.07.2013,@Quimoniz,https://alpha.app.net/Quimoniz
bluemoon,28.07.2013,@1nsider,https://twitter.com/1nsider
bluemoon,21.05.2013,Jo_Hannes_Beere,https://twitter.com/Jo_Hannes_Beere
bluemoon,21.05.2013,bibale_,https://twitter.com/bibale_
bluemoon,21.05.2013,Abkueko,https://twitter.com/Abkueko
bluemoon,21.05.2013,kaikubasta,https://twitter.com/kaikubasta
bluemoon,21.05.2013,moorhexa,https://twitter.com/moorhexa
bluemoon,21.05.2013,javos,
bluemoon,21.05.2013,Daniel19,
bluemoon,21.05.2013,stormitux,https://twitter.com/stormitux
bluemoon,21.07.2013,,
bluemoon,22.09.2013,Quimoniz,https://twitter.com/Quimoniz
bluemoon,22.09.2013,@vale,https://alpha.app.net/vale
bluemoon,22.09.2013,toam,http://www.freesound.org/people/toam/
bluemoon,22.09.2013,carlfj,
bluemoon,22.10.2013,quimoniz,https://twitter.com/quimoniz
bluemoon,22.10.2013,toam,http://www.freesound.org/people/toam/
bluemoon,23.06.2013,@Quimoniz,https://alpha.app.net/Quimoniz
bluemoon,23.06.2013,@stormitux,https://alpha.app.net/stormitux
bluemoon,23.06.2013,@vale,https://alpha.app.net/vale
bluemoon,23.07.2013,@Quimoniz,https://alpha.app.net/Quimoniz
bluemoon,23.07.2013,@1nsider,https://twitter.com/1nsider
bluemoon,23.07.2013,mathepauker,http://mathepauker.de/
bluemoon,23.10.2013,toam,http://www.freesound.org/people/toam/
bluemoon,24.09.2013,kaikubasta,https://twitter.com/kaikubasta
bluemoon,24.09.2013,toam,http://www.freesound.org/people/toam/
bluemoon,24.09.2013,@vale,https://alpha.app.net/vale
bluemoon,24.09.2013,kaeffchen_heinz,https://twitter.com/kaeffchen_heinz
bluemoon,24.09.2013,,
bluemoon,25.06.2013,@kaeffchen_heinz,https://twitter.com/kaeffchen_heinz
bluemoon,25.06.2013,@NGC_Ollie,http://ngc-ollie.de
bluemoon,25.06.2013,@Quimoniz,https://alpha.app.net/Quimoniz
bluemoon,25.06.2013,@holzkopf4,https://twitter.com/holzkopf4
bluemoon,26.05.2013,BigMcIntosh,https://twitter.com/BigMcIntosh
bluemoon,26.05.2013,Tyde,
bluemoon,26.05.2013,jjoeris,https://twitter.com/jjoeris
bluemoon,26.05.2013,Jo_Hannes_Beere,https://twitter.com/Jo_Hannes_Beere
Bluemoon,bluemoon-260613,@holzkopf4 ; @letaledosis100 ; @vale,https://twitter.com/holzkopf4
Bluemoon,bluemoon-260613,@klaustopher,https://alpha.app.net/klaustopher
Bluemoon,bluemoon-260613,@Quimoniz,https://alpha.app.net/Quimoniz
bluemoon/LateLine,bluemoon-270813,moritz1997,https://twitter.com/moritz1997
bluemoon/LateLine,bluemoon-270813,kaeffchen_heinz,https://twitter.com/kaeffchen_heinz
bluemoon/LateLine,bluemoon-270813,Abkueko,https://twitter.com/Abkueko
bluemoon/LateLine,bluemoon-270813,Quimoniz,https://twitter.com/Quimoniz
bluemoon,27.10.2013,Tyde,
bluemoon,27.10.2013,Quimoniz,https://twitter.com/Quimoniz
bluemoon,28.05.2013,kaeffchen_heinz,https://twitter.com/kaeffchen_heinz
bluemoon,28.05.2013,Abkueko,
bluemoon,28.05.2013,Jo_Hannes_Beere,https://twitter.com/Jo_Hannes_Beere
bluemoon,28.05.2013,@Quimoniz,https://alpha.app.net/Quimoniz
bluemoon,29.09.2013,kaikubasta,https://twitter.com/kaikubasta
bluemoon,29.09.2013,old_swede,https://twitter.com/old_swede
bluemoon,29.10.2013,moritz1997,https://twitter.com/moritz1997
bluemoon,29.10.2013,BigMcIntosh91,https://twitter.com/BigMcIntosh91
bluemoon,29.10.2013,mrmoe,https://twitter.com/mrmoe
bluemoon,29.10.2013,Quimoniz,https://twitter.com/Quimoniz
bluemoon,30.06.2013,Tyde,
bluemoon,30.06.2013,@Quimoniz,https://alpha.app.net/Quimoniz
bluemoon,30.06.2013,vale,https://alpha.app.net/vale
bluemoon,19.05.2013,Tyde,
Blue Moon -Shownotes,81,vale,https://twitter.com/vale
Blue Moon -Shownotes,81,Abkueko,https://twitter.com/Abkueko
Blue Moon -Shownotes,81,kaeffchen_heinz,https://twitter.com/kaeffchen_heinz
bundesradio,BR007,Quimoniz,
bundesradio,BR007,BigMcIntosh,
bundesradio,BR007,vale,
bundesradio,BR007,herrriehm,
bundesradio,BR007,LD100,
bundesradio,BR007,CCJordan,
bundesradio,BR007,Kai Kubasta,
chaosradio,191,@Quimoniz,https://alpha.app.net/Quimoniz
chaosradio,191,@vale,https://alpha.app.net/vale
chaosradio,191,@kaeffchen_heinz,https://www.twitter.com/kaeffchen_heinz
chaosradio,191,@NGC_Ollie,http://ngc-ollie.de
chaosradio,190,@Quimoniz,https://alpha.app.net/Quimoniz
chaosradio,190,@hanz,https://alpha.app.net/hanz
chaosradio,190,@Jo_Hannes_Beere,http://twitter.com/jo_hannes_beere
chaosradio,190,@BigMcIntosh91,https://twitter.com/BigMcIntosh91
chaosradio,190,@yocky96,https://twitter.com/yocky96
chaosradio,190,@Fabi,https://alpha.app.net/fabi
chaosradio,193,quimoniz>,https://twitter.com/quimoniz
chaosradio,193,jakob01899,
chaosradio,193,kaeffchen_heinz>,https://twitter.com/kaeffchen_heinz
chaosradio,194,Quimoniz,https://twitter.com/Quimoniz
chaosradio,194,toam,http://www.freesound.org/people/toam/
chaosradio,194,kaeffchen_heinz,https://twitter.com/kaeffchen_heinz
chaosradio,194,vale,https://alpha.app.net/vale
chaosradio,195,kaeffchen_heinz,https://twitter.com/kaeffchen_heinz
chaosradio,195,tranquillo,
chaosradio,195,@Dr4k3_LE,https://twitter.com/Dr4k3_LE
chaosradio,195,Quimoniz,https://twitter.com/Quimoniz
,,,
,,,
,,,
Culinaricast,84,kambfhase,https://twitter.com/kambfhase
Culinaricast,85 - Erdbeeren,Frank Hase,https://alpha.app.net/kambfhase
Culinaricast,86 - Kochbücher,Frank Hase,https://alpha.app.net/kambfhase
Culinaricast,87 - Bacon,Frank Hase,https://alpha.app.net/kambfhase
Culinaricast,88,Kambfhase,https://twitter.com/Kambfhase
Datenkanal,24,,
Datenkanal,25,Je,
datenkanal,26,Jens,
Datenkanal,27,Jens Kubieziel,
devradio,238,,
die-stroemung,7,bigmcintosh91,https://twitter.com/bigmcintosh91
die-stroemung,7,vanillachief,https://twitter.com/vanillachief
die-stroemung,8,elSpotto,
die-stroemung,8,Kambfhase,
die-stroemung,8,VanillaChief,
die-stroemung,9,,
WRINT Wrintheit 43,wrint-203,quimoniz,https://twitter.com/quimoniz
WRINT Wrintheit 43,wrint-203,mathepauker,http://mathepauker.de/
WRINT Wrintheit 43,wrint-203,kaeffchen_heinz,https://twitter.com/kaeffchen_heinz
dst,3,,
Einschlafen Podcast 229 vom 18.April 2013,229,EvitaBley,https://twitter.com/EvitaBley
Einschlafen Podcast 229 vom 18.April 2013,229,Dr4k3_LE,https://twitter.com/Dr4k3_LE
Einschlafen Podcast 229 vom 18.April 2013,229,simonwaldherr,https://twitter.com/simonwaldherr
Einschlafen Podcast 229 vom 18.April 2013,229,,
Einschlafen Podcast 230 vom 22.April 2013,230,EvitaBley,https://twitter.com/EvitaBley
Einschlafen Podcast 230 vom 22.April 2013,230,Dr4k3_LE,https://twitter.com/Dr4k3_LE
Einschlafen Podcast 230 vom 22.April 2013,230,simonwaldherr,https://twitter.com/simonwaldherr
Einschlafen Podcast 230 vom 22.April 2013,230,Quimoniz,https://twitter.com/Quimoniz
Einschlafen Podcast 231 vom 29.April 2013,231,Dr4k3_LE,https://twitter.com/Dr4k3_LE
Einschlafen Podcast 231 vom 29.April 2013,231,vale,https://twitter.com/vale
Einschlafen Podcast 231 vom 29.April 2013,231,Quimoniz,https://twitter.com/Quimoniz
einschlafen,232,Quimoniz,https://twitter.com/Quimoniz
einschlafen,232,Dr4k3_LE,https://twitter.com/Dr4k3_LE
einschlafen,233,EvitaBley,https://twitter.com/EvitaBley
einschlafen,233,Quimoniz,https://twitter.com/Quimoniz
einschlafen,233,Dr4k3_LE,https://twitter.com/Dr4k3_LE
einschlafen,233,SimonWaldherr,https://twitter.com/SimonWaldherr
einschlafen,233,Bigmcintosh91,https://twitter.com/Bigmcintosh91
einschlafen,233,vale,https://twitter.com/vale
einschlafen,234,evitabley,https://twitter.com/evitabley
einschlafen,234,vale,https://alpha.app.net/vale
einschlafen,234,Quimoniz,https://alpha.app.net/Quimoniz
einschlafen,235,vale,https://alpha.app.net/vale
einschlafen,236,@Quimoniz,https://alpha.app.net/Quimoniz
einschlafen,236,@vale,http://alpha.app.net/vale
einschlafen,236,@enBeWe,https://alpha.app.net/enbewe
einschlafen,236,Dr4k3_LE,https://twitter.com/Dr4k3_LE
einschlafen,237,quimoniz,https://twitter.com/quimoniz
einschlafen,237,Dr4k3_LE,https://twitter.com/Dr4k3_LE
einschlafen,237,BigMbIntosh91,https://twitter.com/BigMbIntosh91
einschlafen,237,@vale,https://alpha.app.net/vale
einschlafen,238,simonwaldherr,https://twitter.com/simonwaldherr
einschlafen,238,@enbewe,https://alpha.app.net/enbewe
einschlafen,239,@vale,https://alpha.app.net/vale
einschlafen,239,@Quimoniz,https://alpha.app.net/Quimoniz
einschlafen,239,Dr4k3_LE,https://twitter.com/Dr4k3_LE
einschlafen,240,@evita,https://alpha.app.net/evita
einschlafen,240,@vale,https://alpha.app.net/vale
einschlafen,240,@Quimoniz,https://alpha.app.net/Quimoniz
einschlafen,240,@Dr4k3,https://alpha.app.net/Dr4k3
einschlafen,241,@evita,https://alpha.app.net/evita
einschlafen,241,@vale,https://alpha.app.net/vale
einschlafen,241,@Quimoniz,https://alpha.app.net/Quimoniz
einschlafen,241,@Dr4k3,https://alpha.app.net/Dr4k3
einschlafen,241,@SimonWaldherr,https://alpha.app.net/simonwaldherr
einschlafen,242,@Quimoniz,https://alpha.app.net/Quimoniz
einschlafen,242,@Dr4k3,https://alpha.app.net/Dr4k3
einschlafen,242,mathepauker,http://mathepauker.de/
einschlafen,243,@Quimoniz,https://alpha.app.net/Quimoniz
einschlafen,243,@Dr4k3,https://alpha.app.net/Dr4k3
einschlafen,243,evita,http://alpha.app.net/evita
einschlafen,243,@zarembamarco,http://twitter.com/zarembamarco
einschlafen,243,Simon Waldherr,http://simon.waldherr.eu/
einschlafen,244,@Quimoniz,https://alpha.app.net/Quimoniz
einschlafen,244,@Dr4k3,https://alpha.app.net/Dr4k3
einschlafen,244,@Evita,https://alpha.app.net/evita
einschlafen,245,Quimoniz,https://twitter.com/Quimoniz
einschlafen,245,@vale,https://alpha.app.net/vale
einschlafen,246,Quimoniz,https://twitter.com/Quimoniz
einschlafen,246,vale,https://twitter.com/vale
einschlafen,247,vale,https://twitter.com/vale
einschlafen,248,@Quimoniz,https://alpha.app.net/Quimoniz
einschlafen,248,@Dr4k3,https://alpha.app.net/Dr4k3
einschlafen,249,Quimoniz,https://twitter.com/Quimoniz
einschlafen,249,moe,https://twitter.com/moe
einschlafen,250,@dr4k3  @evitabley,https://alpha.app.net/dr4k3
einschlafen,250,@Quimoniz,https://alpha.app.net/Quimoniz
einschlafen,251,@Dr4k3_le,https://twitter.com/Dr4k3_LE
einschlafen,251,@Quimoniz,https://alpha.app.net/Quimoniz
einschlafen,251,BigMcIntosh,https://twitter.com/BigMcIntosh
einschlafen,251,vale,https://twitter.com/vale
einschlafen,252,@Dr4k3_le,https://twitter.com/Dr4k3_LE
einschlafen,252,@Quimoniz,https://alpha.app.net/Quimoniz
einschlafen,252,vale,https://alpha.app.net/vale
einschlafen,253,@Dr4k3_le,https://twitter.com/Dr4k3_LE
einschlafen,253,@mrmoe,https://twitter.com/mrmoe
einschlafen,253,@bigmcintosh91,https://twitter.com/BigMcIntosh91
einschlafen,254,@Evita,http://twitter.com/evitabley
einschlafen,254,@Quimoniz,https://alpha.app.net/Quimoniz
einschlafen,254,@vale,https://alpha.app.net/vale
einschlafen,254,mrmoe,https://twitter.com/mrmoe
einschlafen,254,iterationbound,https://twitter.com/iterationbound
einschlafen,255,@vale,https://alpha.app.net/vale
einschlafen,255,bigmcintosh91,https://twitter.com/bigmcintosh91
einschlafen,255,@Quimoniz,https://alpha.app.net/Quimoniz
einschlafen,256,@Dr4k3_le,https://twitter.com/Dr4k3_LE
einschlafen,256,@BigMcIntosh91,https://twitter.com/BigMcIntosh91
einschlafen,256,@mrmoe,https://twitter.com/mrmoe
einschlafen,257,@Dr4k3_le,https://twitter.com/Dr4k3_LE
einschlafen,257,BigMcintosh91,https://twitter.com/BigMcintosh91
einschlafen,257,@mrmoe,https://twitter.com/mrmoe
einschlafen,257,@vale,https://alpha.app.net/vale
Einschlafen Podcast 228 vom,228,EvitaBley,https://twitter.com/EvitaBley
Einschlafen Podcast 228 vom,228,Dr4k3_LE,https://twitter.com/Dr4k3_LE
Einschlafen Podcast 228 vom,228,simonwaldherr,https://twitter.com/simonwaldherr
Einschlafen Podcast 228 vom,228,vale,https://twitter.com/vale
freak-show,115,HolyMarcell,https://twitter.com/HolyMarcell
freak-show,115,@vale,https://alpha.app.net/vale
freak-show,115,kaeffchen_heinz,https://twitter.com/kaeffchen_heinz
freak-show,115,mrmoe,https://twitter.com/mrmoe
freak-show,115,Quimoniz,https://twitter.com/Quimoniz
freak-show,116,evitabley,https://twitter.com/evitabley
freak-show,116,Dr4k3_LE,https://twitter.com/Dr4k3_LE
freak-show,116,sylar_5,https://twitter.com/sylar_5
freak-show,116,NGC_Ollie<www.ngc-ollie.de>,https://twitter.com/NGC_Ollie<www.ngc-ollie.de
freak-show,116,@vale,https://alpha.app.net/vale
freak-show,117,@barnowl,https://alpha.app.net/barnowl
freak-show,117,dizzzt,
freak-show,117,thillux,
freak-show,117,@herrriehm,https://alpha.app.net/herrriehm
freak-show,117,@Quimoniz,https://alpha.app.net/quimoniz
freak-show,118,NGC_Ollie,https://twitter.com/NGC_Ollie
freak-show,118,eliabieri,https://twitter.com/eliabieri
freak-show,118,ollili,https://twitter.com/ollili
freak-show,118,Vale,https://alpha.app.net/vale
freak-show,118,@toam,http://www.freesound.org/people/toam/
freak-show,118,thillux,
freak-show,119,mrmoe,https://twitter.com/mrmoe
freak-show,119,@evita,http://twitter.com/evitabley
freak-show,119,@vale,https://alpha.app.net/vale
freak-show,120,klaustopher,https://alpha.app.net/klaustopher
freak-show,120,@vale,https://alpha.app.net/vale
freak-show,120,@evitabley,https://twitter.com/evitabley
happydaypodcast,1,Maadi,
,,,
hoaxilla,128,,
hoaxilla,136,@Dr4k3_le,https://twitter.com/Dr4k3_LE
hoaxilla,136,@Quimoniz,https://alpha.app.net/Quimoniz
lateline,10,Quimoniz,https://twitter.com/Quimoniz
lateline,10,kaeffchen_heinz,https://twitter.com/kaeffchen_heinz
lateline,10,bibale_,https://twitter.com/bibale_
lateline,8072013,Quimoniz,https://alpha.app.net/Quimoniz
lateline,8072013,@NGC_Ollie,http://ngc-ollie.de
lateline,8072013,133blox,
,,,
der-lautsprecher,11,Simon Waldherr,http://alpha.app.net/simonwaldherr
der-lautsprecher,11,Evita Bley,http://alpha.app.net/evita
der-lautsprecher,11,Quimoniz,http://alpha.app.net/quimoniz
der-lautsprecher,11,Dr4k3,http://alpha.app.net/dr4k3
LeCast,6,shbitt (@shbitt)  #link,https://twitter.com/shbitt
LeCast,8,shbitt (@shbitt)  #link,https://twitter.com/shbitt
maerchenstunde,29,quimoniz,https://twitter.com/quimoniz
maerchenstunde,29,@evitabley,http://twitter.com/evitabley
maerchenstunde,29,frakturfreak,https://twitter.com/frakturfreak
maerchenstunde,29,bjoerngrau,https://twitter.com/bjoerngrau
mikrodilettanten,57,,
mikrodilettanten,test,,
mobileMacs,108,evitabley,https://twitter.com/evitabley
mobileMacs,108,simonwaldherr,https://twitter.com/simonwaldherr
mobileMacs,108,kaeffchen_heinz,https://twitter.com/kaeffchen_heinz
mobileMacs,108,Kambfhase,https://twitter.com/Kambfhase
mobileMacs,108,sebastianmarkow,https://twitter.com/sebastianmarkow
mobileMacs,109,evitabley,https://twitter.com/evitabley
mobileMacs,109,kaeffchen_heinz,https://twitter.com/kaeffchen_heinz
mobileMacs,109,vale,https://twitter.com/vale
mobilemacs,110,Evita Bley,http://twitter.com/evitabley
mobilemacs,110,Simon Waldherr,http://simon.waldherr.eu/
mobilemacs,110,BigMcIntosh91,https://twitter.com/BigMcIntosh91
mobilemacs,110,@kaeffchen_heinz,http://twitter.com/kaeffchen_heinz
mobilemacs,110,Kambfhase,https://twitter.com/Kambfhase
mobilemacs,110,Jo_Hannes_Beere,https://twitter.com/Jo_Hannes_Beere
mobilemacs,111,mrmoe,https://twitter.com/mrmoe
mobilemacs,111,BigMcIntosh91,https://twitter.com/BigMcIntosh91
mobilemacs,111,kaeffchen_heinz,https://twitter.com/kaeffchen_heinz
mobilemacs,111,parsley,https://alpha.app.net/parsley
mobilemacs,111,Vale,https://alpha.app.net/vale
mobileMacs,112,Kambfhase,https://twitter.com/Kambfhase
mobileMacs,112,jakob010899,https://twitter.com/jakob010899
mobileMacs,112,Simon Waldherr,http://simon.waldherr.eu/
mobileMacs,112,parsley,https://alpha.app.net/parsley
mobileMacs,112,ollili,https://twitter.com/ollili
mobileMacs,112,NGC_Ollie,https://twitter.com/NGC_Ollie
mobileMacs,112,@vale,http://alpha.app.net/vale
mobilemacs,113,@blumenkraft,https://alpha.app.net/blumenkraft
mobilemacs,113,Kambfhase,https://alpha.app.net/kambfhase
mobilemacs,113,@vale,https://alpha.app.net/vale
mobilemacs,113,@klaustopher,https://alpha.app.net/klaustopher
mobilemacs,113,@kaeffchen_heinz,https://www.twitter.com/kaeffchen_heinz
mobilemacs,114,@klaustopher,https://alpha.app.net/klaustopher
mobilemacs,114,@vale,https://alpha.app.net/vale
nerdkunde,12,,
Nerdkunde,nerdkunde-016,,
Nerdkunde,13,,
nerdkunde,15,,
nerdsfm,8,SonicHedgehog,https://twitter.com/SonicHedgehog
nerdsfm,9,SonicHedgehog,https://twitter.com/SonicHedgehog
nerdsfm,9,@blumenkraft,https://alpha.app.net/blumenkraft
nerdsfm,10,@blumenkraft,https://alpha.app.net/blumenkraft
nerdsfm,10,SonicHedgehog,https://twitter.com/SonicHedgehog
netzgesprache,71,BigMcIntosh,https://twitter.com/BigMcIntosh
netzgesprache,71,sylar_5,https://twitter.com/sylar_5
netzgesprache,71,Cdr_Taggart,
netzgesprache,73,@blumenkraft,https://alpha.app.net/blumenkraft
netzgesprache,73,Cdr_Taggart,
netzgesprache,74,@Quimoniz,https://alpha.app.net/Quimoniz
netzgesprache,74,Haruspex,
netzgesprache,77,blumenkraft,https://twitter.com/blumenkraft
netzgesprache,78,,
netzgesprache,79,Zwitscherace,https://twitter.com/Zwitscherace
netzgesprache,80,@blumenkraft,https://alpha.app.net/blumenkraft
netzgesprache,80,@Quimoniz,https://alpha.app.net/Quimoniz
netzgesprache,81,,
netzgesprache,70,Cdr_Taggart,
Netzgespraeche,75,@blumenkraft,https://alpha.app.net/blumenkraft
Netzgespraeche,76,,
netzgesprache,72,Cdr_Taggart,
NSFW,68,mrmoe,https://twitter.com/mrmoe
NSFW,68,German,
NSFW,68,evitabley,https://twitter.com/evitabley
NSFW,68,Maestro_Bodo,https://twitter.com/Maestro_Bodo
nsfw,69,mrmoe,https://twitter.com/mrmoe
nsfw,69,kaikubasta,https://twitter.com/kaikubasta
nsfw,69,timwanze,https://twitter.com/timwanze
nsfw,69,inmesia,https://twitter.com/inmesia
nsfw,69,melman,https://twitter.com/melman
nsfw,69,SimonWaldherr,https://twitter.com/SimonWaldherr
nsfw,69,German,
nsfw,70,mrmoe,https://twitter.com/mrmoe
nsfw,70,NGC_Ollie,https://twitter.com/NGC_Ollie
nsfw,70,German,
nsfw,70,BigMcIntosh91,https://twitter.com/BigMcIntosh91
nsfw,70,kaikubasta,https://twitter.com/kaikubasta
nsfw,75,mrmoe,https://twitter.com/mrmoe
nsfw,75,HolyMarcell,
nsfw,75,mathepauker,http://mathepauker.de
nsfw,75,German,
nsfw,75,barnowl,
nsfw,75,vale,https://alpha.app.net/vale
nsfw,71,mrmoe,https://twitter.com/mrmoe
nsfw,71,German,
nsfw,71,NGC-Ollie,http://www.ngc-ollie.de
nsfw,71,HolyMarcell,
nsfw,71,kaikubasta,https://twitter.com/kaikubasta
nsfw,71,@vale,https://alpha.app.net/vale
nsfw,72,mrmoe,https://twitter.com/mrmoe
nsfw,72,German,
nsfw,72,@NGC-Ollie,http://ngc-ollie.de
nsfw,72,mathepauker,http://mathepauker.de/
nsfw,73,mrmoe,https://twitter.com/mrmoe
nsfw,73,bibale_,https://twitter.com/bibale_
nsfw,73,mathepauker,http://mathepauker.de/
nsfw,73,letaledosis100,https://twitter.com/letaledosis100
nsfw,73,HolyMarcell,https://twitter.com/HolyMarcell
nsfw,73,German,
nsfw,73,kaeffchen_heinz,https://twitter.com/kaeffchen_heinz
nsfw,73,Quimoniz,https://twitter.com/Quimoniz
nsfw,74,mrmoe,https://twitter.com/mrmoe
nsfw,74,mathepauker,http://mathepauker.de/
nsfw,74,NGC-Ollie,https://twitter.com/NGC-Ollie
nsfw,74,germanstudent,https://twitter.com/germanstudent
nsfw,76,mrmoe,https://twitter.com/mrmoe
nsfw,76,toam,http://www.freesound.org/people/toam/
nsfw,76,mathepauker,http://mathepauker.de/
nsfw,76,PattaFeuFeu,https://twitter.com/PattaFeuFeu
nsfw,77,@mrmoe,https://twitter.com/mrmoe
nsfw,77,@evita,http://twitter.com/evitabley
Psychotalk,psyt-006,MaestroBodo,https://twitter.com/MaestroBodo
Psychotalk,psyt-006,Quimoniz,https://twitter.com/Quimoniz
Psychotalk,psyt-006,SimonWaldherr,https://twitter.com/SimonWaldherr
Psychotalk,7,Quimoniz,https://twitter.com/Quimoniz
Psychotalk,7,Cdr_Taggart,
Psychotalk,7,insider,
Psychotalk,8,Quimoniz,https://twitter.com/Quimoniz
Psychotalk,8,evitabley,https://twitter.com/evitabley
Psychotalk,8,BobbyTables23,
Psychotalk,8,insiderr,
Psychotalk,9,EvitaBley,https://twitter.com/EvitaBley
Psychotalk,9,SimonWaldherr,https://twitter.com/SimonWaldherr
Psychotalk,9,elektro_bier,https://twitter.com/elektro_bier
Psychotalk,9,Forty Two,
Psychotalk - Musik,10,evitabley,https://twitter.com/evitabley
Psychotalk - Musik,10,Dr4k3_LE,https://twitter.com/Dr4k3_LE
Psychotalk - Musik,10,quimoniz,
psychotalk,PSYT011,1nsider,https://twitter.com/1nsider
psychotalk,PSYT011,sylar_5,https://twitter.com/sylar_5
psychotalk,PSYT011,elektrobier,https://twitter.com/elektrobier
psychotalk,PSYT011,Simon Waldherr,http://simon.waldherr.eu/
psychotalk,PSYT011,Auberginer,https://twitter.com/Auberginer
psychotalk,12,bergpirat,https://twitter.com/bergpirat
psychotalk,12,simonwaldherr,https://twitter.com/simonwaldherr
psychotalk,12,evitabley,https://twitter.com/evitabley
psychotalk,12,elektro_bier,https://twitter.com/elektro_bier
psychotalk,12,bigmcintosh,https://twitter.com/bigmcintosh
psychotalk,12,1337,
psychotalk,13,BigMcIntosh91,https://twitter.com/BigMcIntosh91
psychotalk,13,XO-Frank,
psychotalk,PSYT011,1nsider,https://twitter.com/1nsider
psychotalk,PSYT011,sylar_5,https://twitter.com/sylar_5
psychotalk,PSYT011,elektrobier,https://twitter.com/elektrobier
psychotalk,PSYT011,Simon Waldherr,http://simon.waldherr.eu/
psychotalk,PSYT011,Auberginer,https://twitter.com/Auberginer
Pubkameraden <http://www.pubkameraden.de/>,PP025,Kambfhase,https://twitter.com/Kambfhase
Pubkameraden <http://www.pubkameraden.de/>,PP025,vale,https://twitter.com/vale
Pubkameraden <http://www.pubkameraden.de/>,PP027,kaeffchen_heinz,https://twitter.com/kaeffchen_heinz
Pubkameraden <http://www.pubkameraden.de/>,PP027,Dr4k3_LE,https://twitter.com/Dr4k3_LE
Pubkameraden <http://www.pubkameraden.de/>,PP027,Quimoniz,https://twitter.com/Quimoniz
pubkameraden,28,Vale,https://alpha.app.net/vale/
pubkameraden,28,eNBeWe,https://alpha.app.net/enbewe/
Pubkameraden,29,@Quimoniz,https://alpha.app.net/Quimoniz
Pubkameraden,29,@vale,https://alpha.app.net/vale
Pubkameraden,29,koser,https://twitter.com/ko_ser><https://alpha.app.net/ko_ser
Pubkameraden,29,@trackordeon,https://alpha.app.net/trackordeon
Pubkameraden,29,@DasRocka,https://alpha.app.net/DasRocka
pubkameraden,30,Quimoniz,https://twitter.com/Quimoniz
pubkameraden,30,vale,https://twitter.com/vale
pubkameraden,30,alexaeschlimann,https://twitter.com/alexaeschlimann
pubkameraden,31,@Quimoniz,https://alpha.app.net/Quimoniz
pubkameraden,31,@Bigmcintosh91,https://twitter.com/BigMcIntosh91
pubkameraden,31,@vale,https://alpha.app.net/vale
quasselstrippen,47,elektrobier,https://twitter.com/elektrobier
quasselstrippen,39,BigMcIntosh,
quasselstrippen,39,savar,
quasselstrippen,39,elektrobier,
quasselstrippen,40,@blumenkraft,https://alpha.app.net/blumenkraft
quasselstrippen,40,elSpotto,
quasselstrippen,40,@Webschnorcheln,http://twitter.com/Webschnorcheln
quasselstrippen,41,blumenkraft,https://alpha.app.net/blumenkraft
quasselstrippen,41,MrICE,
quasselstrippen,41,elektrobier,
quasselstrippen,42,BigMcIntosh,https://alpha.app.net/bigmcintosh
quasselstrippen,42,blumenkraft,https://alpha.app.net/blumenkraft
quasselstrippen,42,Quimoniz,https://alpha.app.net/quimoniz
quasselstrippen,43,webschnorcheln,https://twitter.com/webschnorcheln
quasselstrippen,43,savar,
quasselstrippen,44,elSpotto,https://twitter.com/elSpotto
quasselstrippen,44,BigMcIntosh,https://twitter.com/BigMcIntosh
quasselstrippen,45,,
quasselstrippen,46,,
quasselstrippen,48,@Quimoniz,https://alpha.app.net/Quimoniz
quasselstrippen,48,MrICE,
quasselstrippen,49,@Quimoniz,https://alpha.app.net/Quimoniz
quasselstrippen,50,Quimoniz,https://twitter.com/Quimoniz
quasselstrippen,50,Dr4k3_LE,https://twitter.com/Dr4k3_LE
quasselstrippen,50,BigMcIntosh,https://twitter.com/BigMcIntosh
quasselstrippen,50,@AnonBishop,
radio-osm,18,drolbr,
radio-osm,18,ogmios,
radio-osm,18,mgehling,
radio-osm,19,,
radio-osm,22,AJoNee,http://wiki.openstreetmap.org/wiki/User:AJoNee
radio-osm,22,jongleur1983,https://twitter.com/jongleur1983
radio-osm,23,okilimu,
radio-osm,23,dampfklon,
radio-osm,23,AJoNee,
radio-osm,23,mgehling,
radio-osm,23,jff,
radio-osm,24,Angi_Lit,
radio-osm,24,AJoNee,
radio-osm,24,MacGyver_NRW,
radio-osm,20,MaZderMind,https://twitter.com/MaZderMind
radio-osm,20,andi (@saerdnaer,https://twitter.com/saerdnaer
radio-osm,20,Bielebog,http://wiki.openstreetmap.org/wiki/User:Bielebog
radio-osm,20,ogmios,http://wiki.openstreetmap.org/wiki/User:Ogmios
radio-osm,21,jotpe,https://twitter.com/jotpe
radio-osm,21,MaZderMind,https://twitter.com/MaZderMind
radio-osm,21,pyspam,https://twitter.com/pyspam
radio-osm,21,drolbr,
radio-osm,21,andi,
Radiorollenspiel,1,BigMcIntosh91,https://twitter.com/BigMcIntosh91
Radiorollenspiel,1,yocky96,https://twitter.com/yocky96
Rautenradio,RR020,Geekmaedchen,
rautenradio,21,geekmaedchen,https://twitter.com/geekmaedchen
robotiklabor,24,Simon Waldherr,http://simon.waldherr.eu
robotiklabor,24,@1nsider,http://twitter.com/1nsider
robotiklabor,25,@1nsider,http://twitter.com/1nsider
robotiklabor,26,@1nsider,http://twitter.com/1nsider
robotiklabor,26,@vale,https://alpha.app.net/vale
robotiklabor,26,SimonWaldherr,https://twitter.com/SimonWaldherr
robotiklabor,27,1nsider,https://twitter.com/1nsider
robotiklabor,27,Quimoniz,https://twitter.com/Quimoniz
robotiklabor,28,BitScout,
robotiklabor,28,RobotFreak,
robotiklabor,28,1nsider,https://twitter.com/1nsider
robotiklabor,29,marian,
robotiklabor,29,Quimoniz,https://twitter.com/Quimoniz
robotiklabor,29,1nsider,https://twitter.com/1nsider
Schmalsprech,49,Dr4k3_le,https://twitter.com/Dr4k3_le
Schmalsprech,49,Cdr_Taggart,
Schmalsprech,49,shbitt,
sendungsbewusststein,SB002,,
sondersendung,1,EvitaBley,https://twitter.com/EvitaBley
sondersendung,1,SimonWaldherr,https://twitter.com/SimonWaldherr
sondersendung,1,luto,https://twitter.com/luto
sondersendung,1,Quimoniz,https://twitter.com/Quimoniz
sondersendung,1,Dr4k3_LE,https://twitter.com/Dr4k3_LE
sondersendung,1,kaikubasta,https://twitter.com/kaikubasta
sondersendung,2,simonwaldherr,https://twitter.com/simonwaldherr
sondersendung,2,evitabley,https://twitter.com/evitabley
sondersendung,2,Jo_Hannes_Beere,https://twitter.com/Jo_Hannes_Beere
sondersendung,2,Quimoniz,https://twitter.com/Quimoniz
sondersendung,2,Dr4k3_LE,https://twitter.com/Dr4k3_LE
sondersendung,3,evitabley,https://twitter.com/evitabley
sondersendung,3,simonwaldherr,https://twitter.com/simonwaldherr
sondersendung,3,bruhn,https://twitter.com/bruhn
sondersendung,3,Dr4k3_LE,https://twitter.com/Dr4k3_LE
sondersendung,3,Quimoniz,https://twitter.com/Quimoniz
Soziopod,28,1nsider,https://twitter.com/1nsider
Soziopod,28,Quimoniz,https://twitter.com/Quimoniz
Soziopod,29,1nsider,https://twitter.com/1nsider
Soziopod,29,Quimoniz,https://twitter.com/Quimoniz
Soziopod,30,1nsider,https://twitter.com/1nsider
Soziopod,30,Quimoniz,https://twitter.com/Quimoniz
Soziopod,31,1nsider,https://twitter.com/1nsider
Soziopod,31,SimonWaldherr,https://twitter.com/SimonWaldherr
Soziopod,31,quimoniz,https://twitter.com/quimoniz
Soziopod,32,1nsider,https://twitter.com/1nsider
Soziopod,32,Quimoniz,https://twitter.com/Quimoniz
"Claudia Krell (@wortkomplex), Ralf Stockmann (@rstockm), Renke Bruhn (@brundsoweiter)",,[Simon Waldherr](http://simon.waldherr.eu/,
"Claudia Krell (@wortkomplex), Ralf Stockmann (@rstockm), Renke Bruhn (@brundsoweiter)",,[blumenkraft],
wikigeeks,46,evitabley,https://twitter.com/evitabley
wikigeeks,46,Simon Waldherr,http://simon.waldherr.eu/
wikigeeks,46,cjhamich,https://twitter.com/cjhamich
wikigeeks,46,Vale,https://alpha.app.net/vale
wikigeeks,46,@sternchen,https://alpha.app.net/sternchen
wikigeeks,46,Quimoniz,https://twitter.com/Quimoniz
wikigeeks,47,simonwaldherr,https://twitter.com/simonwaldherr
wikigeeks,47,evitabley,https://twitter.com/evitabley
wikigeeks,47,@theTJ23,http://alpha.app.net/thetj
wikigeeks,47,@vale,https://alpha.app.net/vale
wikigeeks,47,Quimoniz,https://twitter.com/Quimoniz
wikigeeks,47,Kambfhase,
wikigeeks,48,,
"Claudia Krell (@wortkomplex), Ralf Stockmann (@rstockm), Renke Bruhn (@brundsoweiter)",,[Simon Waldherr](http://simon.waldherr.eu/,
"Claudia Krell (@wortkomplex), Ralf Stockmann (@rstockm), Renke Bruhn (@brundsoweiter)",,[blumenkraft],
Wikigeeks,44,gglnx,https://twitter.com/gglnx
Wikigeeks,44,sylar_5,https://twitter.com/sylar_5
Wikigeeks,44,Quimoniz,https://twitter.com/Quimoniz
Wikigeeks,44,trackordeon,https://twitter.com/trackordeon
Wikigeeks,44,blumenkraft,https://twitter.com/blumenkraft
wikigeeks,45,,
wir-mussen-reden,63,EvitaBley,https://twitter.com/EvitaBley
wir-mussen-reden,63,SimonWaldherr,https://twitter.com/SimonWaldherr
wir-mussen-reden,63,Dr4k3_LE,https://twitter.com/Dr4k3_LE
wir-mussen-reden,63,svenrudloff,https://twitter.com/svenrudloff
wir-mussen-reden,64,@blumenkraft,https://alpha.app.net/blumenkraft
wir-mussen-reden,64,@susanne_santini,https://twitter.com/susanne_santini
wir-mussen-reden,64,@timpritlove,http://alpha.app.net/timpritlove
wir-mussen-reden,65,lieber 343max wenn man nicht als shownoter genannt wird,
wir-mussen-reden,65,dann macht das hier keinen spass. siehe letzte sendung lg susanne,
wir-mussen-reden,65,@blumenkraft,https://alpha.app.net/blumenkraft
wir-mussen-reden,65,ollili,https://twitter.com/ollili
wir-mussen-reden,66,@vale,https://alpha.app.net/vale
wir-mussen-reden,66,@blumenkraft,https://alpha.app.net/blumenkraft
wir-mussen-reden,67,@blumenkraft,https://alpha.app.net/blumenkraft
wir-mussen-reden,67,@HiHeiner,https://twitter.com/hiheiner
wir-mussen-reden,68,toni,
wir-mussen-reden,69,,
wir-mussen-reden,70,antonioinotna,
wir-mussen-reden,70,schmo-fu,
wir-mussen-reden,71,blumenkraft,https://alpha.app.net/blumenkraft
wir-mussen-reden,71,@vale,https://alpha.app.net/vale
wir-mussen-reden,71,toam,http://www.freesound.org/people/toam/
wir-mussen-reden,71,martin0,
wir-mussen-reden,72,@blumenkraft,https://alpha.app.net/blumenkraft
wir-mussen-reden,72,@quimoniz,https://alpha.app.net/quimoniz
wir-mussen-reden,74,@hd4711,https://alpha.app.net/hd4711
wir-mussen-reden,74,@blumenkraft,https://alpha.app.net/blumenkraft
ca 12:05 Uhr,,luutoo,https://twitter.com/luutoo
ca 12:05 Uhr,,vale,https://twitter.com/vale
ca 12:05 Uhr,,Ingmar,
ca 12:05 Uhr,,sakartha,
Realitätsabgleich,36,Abkueko,https://twitter.com/Abkueko
Realitätsabgleich,36,kaeffchen_heinz,https://twitter.com/kaeffchen_heinz
Realitätsabgleich,36,vale,https://twitter.com/vale
wrint,54,,
Ferngespräche,23,evitabley,https://twitter.com/evitabley
Ferngespräche,23,Dr4k3_LE,https://twitter.com/Dr4k3_LE
Ferngespräche,23,Daniel19,
Ferngespräche,23,kaikubasta,https://twitter.com/kaikubasta
Ferngespräche,23,gglnx,https://twitter.com/gglnx
Ferngespräche,23,kaeffchen_heinz,https://twitter.com/kaeffchen_heinz
Ferngespräche,23,simonwaldherr,https://twitter.com/simonwaldherr
Ferngespräche,23,stormitux,https://twitter.com/stormitux
Realitätsabgleich,37,Quimoniz,https://twitter.com/Quimoniz
Realitätsabgleich,37,Maestro_Bodo,https://twitter.com/Maestro_Bodo
Wrint,174,@ShuffleCode,
Wrint,174,blumenkraft,https://twitter.com/blumenkraft
Wrint,174,Dr4k3_LE,https://twitter.com/Dr4k3_LE
WRINT Realitätsabgleich,38,Quimoniz,https://twitter.com/Quimoniz
wrint,177,quimoniz,https://twitter.com/quimoniz
wrint,177,kaeffchen_heinz,https://twitter.com/kaeffchen_heinz
wrint,178,evitabley,https://twitter.com/evitabley
wrint,178,dr4k3_LE,https://twitter.com/dr4k3_LE
wrint,178,Abkueko,https://twitter.com/Abkueko
wrint,178,BestOfHolgi,https://twitter.com/BestOfHolgi
wrint,178,cjhamich,https://twitter.com/cjhamich
wrint,178,fabi,https://twitter.com/fabi
wrint,178,vale,https://twitter.com/vale
wrint,179,reca,https://twitter.com/reca
wrint,179,Fabi,https://twitter.com/Fabi
wrint,179,Quimoniz,https://twitter.com/Quimoniz
wrint,181,@Quimoniz,https://alpha.app.net/Quimoniz
wrint,181,Dr4k3_LE,https://twitter.com/Dr4k3_LE
wrint,182,eNBeWe,https://alpha.app.net/enbewe
wrint,183,masi,https://twitter.com/masi
wrint,183,Auberginer,
wrint,184,@Quimoniz,https://alpha.app.net/Quimoniz
wrint,184,@eNBeWe,https://alpha.app.net/enbewe
wrint,184,@trackordeon,https://alpha.app.net/trackordeon
WRINT,185,@Quimoniz,https://alpha.app.net/Quimoniz
WRINT,185,@vale,https://alpha.app.net/vale
WRINT,185,@Quimoniz,https://alpha.app.net/Quimoniz
WRINT,185,@vale,https://alpha.app.net/vale
wrint,186,@Quimoniz,https://alpha.app.net/Quimoniz
wrint,186,@frakturfreak,https://twitter.com/frakturfreak
wrint,186,Auberginer,https://twitter.com/Auberginer
wrint,188,@Quimoniz,https://alpha.app.net/Quimoniz
wrint,188,mathepauker,http://mathepauker.de/
wrint,188,@Auberginer,https://alpha.app.net/Auberginer
wrint,188,@DasRocka,https://alpha.app.net/DasRocka
wrint,190,@klaustopher,https://alpha.app.net/klaustopher
wrint,190,mathepauker,http://mathepauker.de/
wrint,190,@Quimoniz,https://alpha.app.net/Quimoniz
wrint,191,evitabley,https://twitter.com/evitabley
wrint,191,Auberginer,https://twitter.com/Auberginer
wrint,191,@Quimoniz,https://alpha.app.net/quimoniz
wrint,191,Dr4k3_LE,https://twitter.com/Dr4k3_LE
WRINT,wrint-194,mathepauker,http://mathepauker.de/
wrint,196,Quimoniz,https://twitter.com/Quimoniz
wrint,196,mathepauker,http://mathepauker.de/
wrint,196,chrysophylax,http://chrysophylax.de/
wrint,197,quimoniz,
wrint,197,@evita,http://alpha.app.net/evita
wrint,197,@Dr4k3,http://alpha.app.net/Dr4k3
wrint,199,mathepauker,http://mathepauker.de
wrint,199,daspearlpaiste,https://twitter.com/daspearlpaiste
wrint,199,Quimoniz,https://twitter.com/Quimoniz
wrint,201,moritz1997,https://twitter.com/moritz1997
wrint,201,Quimoniz,https://twitter.com/Quimoniz
wrint,201,mathepauker,http://mathepauker.de
wrint,201,alnkpa,https://twitter.com/alnkpa
wrint,201,casheeew,https://twitter.com/casheeew
wrint,204,mathepauker,http://mathepauker.de
wrint,204,Quimoniz,https://twitter.com/Quimoniz
wrint,206,mathepauker,http://mathepauker.de/
wrint,207,mathepauker,http://mathepauker.de/
wrint,207,toam,
wrint,209,mathepauker,http://mathepauker.de
wrint,209,docretro,
wrint,209,@Quimoniz,https://alpha.app.net/Quimoniz
wrint,210,@Quimoniz,https://alpha.app.net/Quimoniz
wrint,210,toam,http://www.freesound.org/people/toam/
wrint,210,mathepauker,http://mathepauker.de/
wrint,210,@vale,https://alpha.app.net/vale
wrint,211,mathepauker,http://mathepauker.de/
wrint,211,quimoniz,https://twitter.com/quimoniz
wrint,211,iterationbound,https://twitter.com/iterationbound
wrint,212,mathepauker,http://mathepauker.de/
wrint,212,vale,https://alpha.app.net/vale
wrint,213,kaeffchen_heinz,https://twitter.com/kaeffchen_heinz
wrint,213,mathepauker,http://mathepauker.de/
wrint,214,1nsider,https://twitter.com/1nsider
wrint,214,Manecke,https://twitter.com/Manecke
wrint,215,mathepauker,http://mathepauker.de/
wrint,215,@Quimoniz,https://alpha.app.net/Quimoniz
wrint,215,kaeffchen_heinz,https://twitter.com/kaeffchen_heinz
wrint,217,mathepauker,http://mathepauker.de/
wrint,217,BigMcintosh91,https://twitter.com/BigMcintosh91
wrint,217,kaeffchen_heinz,https://twitter.com/kaeffchen_heinz
wrint,217,Manecke,https://twitter.com/Manecke
wrint,218,mathepauker,http://mathepauker.de/
wrint,219,mathepauker,http://mathepauker.de/
wrint,219,Manecke,https://twitter.com/Manecke
wrint,220,moritz1997,https://twitter.com/moritz1997
wrint,220,mathepauker,http://mathepauker.de/
wrint,220,quimoniz,https://twitter.com/quimoniz
wrint,RA44,hanz <twitter.com/kaeffchen_heinz>,
